shipment_id,origin,destination,distance_km,weight_tonnes,vehicle_type,fuel_type,load_factor,date,co2e_kg,carrier_name
SHP-00001,Delhi,Kolkata,1384.7,7.6,32FT SXL,Diesel,0.37,2025-10-07,254.9,A&I Transport  Inc.
SHP-00002,Chennai,Bangalore,356.3,1.76,20FT,Diesel,0.65,2025-01-14,21.08,McFarland Truck Lines
SHP-00003,Delhi,Chandigarh,234.9,16.6,40FT,Diesel,0.71,2025-01-04,196.17,"Purdy Brothers Trucking, LLC: PUBO"
SHP-00004,Mumbai,Ahmedabad,551.0,9.17,32FT SXL,Diesel,0.83,2025-02-22,268.43,Caravan Logistics Inc.
SHP-00005,Chennai,Bangalore,341.6,9.62,32FT MXL,Diesel,0.86,2025-08-24,187.77,PDS
SHP-00006,Delhi,Chandigarh,231.2,23.14,20FT,Diesel,0.88,2025-11-13,312.8,"Marina Cartage, Inc.: Marina Cartage, Inc"
SHP-00007,Jaipur,Ahmedabad,670.2,17.91,20FT,Diesel,0.84,2025-02-10,528.32,"Liberty Transport, Inc.:"
SHP-00008,Kolkata,Chennai,1781.7,10.12,40FT,Diesel,0.56,2025-07-09,1953.78,"I-Log, LLC: Pensacola"
SHP-00009,Jaipur,Ahmedabad,621.7,7.41,20FT,Diesel,0.42,2025-05-06,156.9,Benchmark Trade Solutions Inc.
SHP-00010,Mumbai,Ahmedabad,526.0,7.48,32FT SXL,Diesel,0.89,2025-01-29,189.31,Erives Enterprises Inc: EEIE
SHP-00011,Kolkata,Chennai,1766.8,20.32,40FT,Diesel,0.45,2025-10-18,1005.87,ASSET BASED INTERMODAL INC
SHP-00012,Pune,Mumbai,141.4,12.98,40FT,Diesel,0.4,2025-10-15,46.99,Tabet Enterprises Inc DBA Ameritrans
SHP-00013,Delhi,Chandigarh,238.1,15.03,40FT,Diesel,1.0,2025-03-12,253.57,"George's Foods, LLC"
SHP-00014,Mumbai,Pune,149.8,19.14,20FT,Diesel,0.41,2025-12-15,82.45,"Northeast Foods, Inc."
SHP-00015,Chennai,Hyderabad,642.1,10.23,40FT,Diesel,0.98,2025-01-06,1238.98,Direct Delivery Solutions
SHP-00016,Delhi,Kolkata,1585.6,13.89,32FT MXL,CNG,0.54,2025-05-31,1145.08,"XPO Last Mile, Inc.: XPO Last Mile, Inc."
SHP-00017,Chennai,Hyderabad,586.9,1.08,32FT MXL,EV,0.83,2025-09-17,39.68,"RCT LOGISTICS, LLC"
SHP-00018,Delhi,Kolkata,1643.4,8.16,32FT SXL,Diesel,0.83,2025-10-04,623.62,Schneider: Schneider Intermodal Logistics Division
SHP-00019,Mumbai,Pune,162.6,15.37,40FT,Diesel,0.95,2025-06-07,148.24,NEWLINE TRANSPORT INC
SHP-00020,Kolkata,Chennai,1513.2,22.07,20FT,Diesel,0.64,2025-02-05,1083.34,"Tidewater Transit Co., Inc"
SHP-00021,Delhi,Chandigarh,263.3,4.08,40FT,EV,0.42,2025-09-28,26.18,Marubeni Transport Service Corporation
SHP-00022,Nagpur,Mumbai,827.1,6.08,32FT SXL,CNG,0.58,2025-12-10,108.88,Pacific Functional Fluids
SHP-00023,Jaipur,Ahmedabad,651.8,13.42,20FT,Diesel,0.34,2025-01-11,224.32,"GLOVIS America, Inc: Freight Forwarding Department"
SHP-00024,Indore,Mumbai,596.4,15.12,20FT,Diesel,0.74,2025-04-28,387.24,"Dick Lavy Trucking, Inc."
SHP-00025,Chennai,Bangalore,378.4,21.63,20FT,Diesel,0.49,2025-09-06,262.54,"Denney Transport, LTD: Refrigerated"
SHP-00026,Delhi,Jaipur,282.2,18.36,40FT,Diesel,0.63,2025-07-28,208.93,7 Star Trucking
SHP-00027,Delhi,Jaipur,257.3,16.82,32FT MXL,Diesel,0.63,2025-01-28,147.4,"Ryan Logistics, Inc"
SHP-00028,Delhi,Kolkata,1395.5,18.48,20FT,Diesel,0.43,2025-08-18,709.8,SPECIFIED COMMODITY CARRIERS
SHP-00029,Bangalore,Hyderabad,561.1,7.69,32FT SXL,CNG,0.35,2025-10-09,94.29,Nationwide Express LLC: Nationwide Express
SHP-00030,Delhi,Kolkata,1392.5,24.98,20FT,EV,0.95,2025-05-02,2287.42,Select Custom Solutions
SHP-00031,Mumbai,Ahmedabad,520.1,12.55,40FT,EV,0.42,2025-01-02,133.32,"Tiger Lines, LLC: Agriculture"
SHP-00032,Lucknow,Delhi,524.2,19.82,40FT,Diesel,0.79,2025-10-12,461.56,"Diamond X-press, LLC"
SHP-00033,Kolkata,Delhi,1424.4,8.12,20FT,Diesel,0.68,2025-06-10,440.66,Menco Logistics Inc. dba Expediri Transport: FULL TRUCK LOAD
SHP-00034,Mumbai,Chennai,1210.3,12.44,32FT SXL,Diesel,0.66,2025-04-06,749.52,"Freight Management Group, Inc."
SHP-00035,Chennai,Bangalore,356.7,17.21,32FT SXL,Diesel,0.96,2025-10-19,1140.33,"I-Log, LLC: Tampa"
SHP-00036,Kolkata,Chennai,1686.2,1.95,20FT,Diesel,0.71,2025-09-25,167.1,Trasbc Freight Ltd.
SHP-00037,Pune,Mumbai,163.0,5.9,32FT MXL,Diesel,0.58,2025-12-10,34.73,"EXIM Operations, Inc.: Domestic OTR"
SHP-00038,Ahmedabad,Delhi,932.0,23.3,20FT,Diesel,0.73,2025-10-16,656.04,Abilene Motor Express
SHP-00039,Delhi,Kolkata,1399.4,6.12,32FT MXL,Diesel,0.54,2025-02-05,268.38,Wistar Trucking LLC
SHP-00040,Kolkata,Chennai,1616.7,4.79,32FT MXL,Diesel,0.99,2025-12-01,429.54,APL Logistics: Intermodal
SHP-00041,Mumbai,Pune,135.2,20.61,32FT MXL,EV,0.37,2025-03-10,59.83,Miller Trucking Corporation
SHP-00042,Hyderabad,Mumbai,655.4,3.57,32FT SXL,Diesel,0.72,2025-06-25,130.98,Reliable Transportation Solutions
SHP-00043,Delhi,Jaipur,290.5,21.47,40FT,Diesel,0.94,2025-01-27,354.18,"Te Slaa Trucking, Ltd."
SHP-00044,Chennai,Bangalore,359.4,20.9,20FT,Diesel,0.84,2025-11-23,504.42,"Southwest Logistics Management, Inc."
SHP-00045,Hyderabad,Mumbai,661.9,11.6,40FT,Diesel,0.38,2025-12-20,220.07,CDMI Logistics
SHP-00046,Bangalore,Hyderabad,575.2,21.03,32FT SXL,Diesel,0.33,2025-07-06,279.98,New Bern Transportation: 12154437 - Delivery Fleet
SHP-00047,Mumbai,Chennai,1436.1,6.04,32FT SXL,Diesel,0.55,2025-10-14,276.85,Fermi Logistics LLC
SHP-00048,Chennai,Hyderabad,689.7,18.99,32FT SXL,CNG,0.98,2025-04-01,1235.83,"Traffic Tech Inc: 3PL, 4PL, OTR, Rail, Ocean, Air, Warehousing"
SHP-00049,Chennai,Hyderabad,570.1,18.68,32FT MXL,CNG,0.59,2025-12-09,329.23,Supra National Express Inc.
SHP-00050,Kolkata,Chennai,1582.6,19.9,20FT,Diesel,0.33,2025-08-29,665.23,"Lynch Logistics, Inc."
SHP-00051,Kolkata,Chennai,1560.3,23.04,32FT MXL,Diesel,0.86,2025-04-27,1794.12,UT Trans Inc.
SHP-00052,Kolkata,Chennai,1501.9,5.64,32FT MXL,Diesel,0.35,2025-05-23,160.28,"Riverside Transport, Inc"
SHP-00053,Jaipur,Ahmedabad,678.7,10.59,32FT MXL,EV,0.38,2025-05-14,158.5,Western Pacific Transport Ltd
SHP-00054,Mumbai,Ahmedabad,538.5,24.61,20FT,Diesel,0.6,2025-06-10,445.51,Falco Logistics
SHP-00055,Chennai,Hyderabad,643.4,13.27,40FT,CNG,0.43,2025-01-23,264.57,M&M Direct Express
SHP-00056,Chennai,Hyderabad,567.2,23.21,32FT SXL,Diesel,0.35,2025-12-07,286.88,1387431 ONTARIO INC O/A SUN TRANSPORTATION SYSTEM
SHP-00057,Pune,Mumbai,153.7,16.92,20FT,CNG,0.51,2025-06-08,93.02,"DX XPRESS, INC."
SHP-00058,Chennai,Hyderabad,608.1,17.73,32FT SXL,Diesel,0.77,2025-07-14,414.59,"Swift Transportation Co. of Arizona, LLC: Heavy Haul"
SHP-00059,Mumbai,Ahmedabad,542.2,8.22,20FT,Diesel,0.45,2025-10-24,100.16,Veltri Inc
SHP-00060,Nagpur,Mumbai,866.0,12.16,40FT,Diesel,0.66,2025-03-28,540.37,Vine Line Logistics Llc
SHP-00061,Chennai,Bangalore,334.9,16.93,32FT MXL,Diesel,0.97,2025-05-01,352.03,Sunbury Transport: Van Division
SHP-00062,Ahmedabad,Delhi,888.2,5.78,20FT,Diesel,0.99,2025-11-09,294.94,Longistics
SHP-00063,Chennai,Bangalore,346.9,22.27,32FT SXL,CNG,0.57,2025-07-24,281.86,R.M. Sullivan Transportation Inc.
SHP-00064,Kolkata,Chennai,1543.0,17.5,20FT,CNG,0.45,2025-12-23,656.91,Open Express Inc  DBA  Open 365 Express
SHP-00065,Mumbai,Pune,148.9,14.38,20FT,Diesel,0.86,2025-12-08,106.86,TFI Transport 1 Inc.
SHP-00066,Mumbai,Pune,164.6,15.29,40FT,Diesel,0.8,2025-09-16,128.87,"Grand Rapids Transport, Inc."
SHP-00067,Chennai,Hyderabad,671.7,14.15,32FT SXL,CNG,0.63,2025-05-13,485.56,Bollore Logistics USA
SHP-00068,Kolkata,Chennai,1772.8,7.66,40FT,Diesel,0.49,2025-02-09,348.43,"Energi Transport, Inc."
SHP-00069,Ahmedabad,Delhi,890.1,9.06,20FT,Diesel,0.46,2025-12-22,200.55,Falcon Xpress Transportation Group Inc: FXGP
SHP-00070,Bangalore,Hyderabad,593.5,2.54,40FT,Diesel,0.63,2025-02-01,55.11,Greenfield Logistics
SHP-00071,Delhi,Jaipur,298.6,10.35,20FT,CNG,0.84,2025-07-14,166.17,"Universal Logistics Holdings, Inc.: Universal Dedicated of Arlington, TX"
SHP-00072,Kolkata,Delhi,1378.8,9.44,40FT,CNG,0.97,2025-08-03,808.13,Continuum Transportation Services
SHP-00073,Delhi,Chandigarh,262.4,14.11,32FT SXL,Diesel,0.49,2025-09-06,129.85,"MWC: Trucker, Intermodal"
SHP-00074,Delhi,Mumbai,1368.9,17.05,40FT,CNG,0.89,2025-03-07,142.28,"RXO Express, LLC"
SHP-00075,Nagpur,Mumbai,845.7,22.77,20FT,Diesel,0.6,2025-08-25,832.61,Best Business Solutions LLC
SHP-00076,Mumbai,Ahmedabad,482.3,10.1,32FT SXL,Diesel,0.54,2025-07-14,142.21,Shipping Teleporters Trucking Company
SHP-00077,Hyderabad,Mumbai,745.8,20.97,32FT MXL,CNG,0.63,2025-10-04,787.67,Vertex Transport LLC
SHP-00078,Mumbai,Chennai,1463.0,9.4,20FT,CNG,0.76,2025-01-16,545.86,Ayala brothers trucking : 104
SHP-00079,Kolkata,Chennai,1560.2,1.49,32FT SXL,Diesel,0.63,2025-02-28,84.27,Patriot Rail Company LLC: Mississippi Central Railroad (MSCI)
SHP-00080,Indore,Mumbai,642.8,12.16,32FT MXL,CNG,0.42,2025-11-07,234.98,"Marine Transportation Intermodal, Inc."
SHP-00081,Delhi,Kolkata,1615.0,4.93,32FT MXL,Diesel,0.32,2025-06-09,161.6,Richmond Transport Ltd.
SHP-00082,Indore,Mumbai,610.9,24.0,40FT,EV,0.44,2025-10-31,486.58,Dart Advantage Logistics
SHP-00083,Kolkata,Chennai,1527.8,19.54,20FT,CNG,0.7,2025-01-22,1043.59,9906339 Canada Inc dba Kshatriya Trans
SHP-00084,Jaipur,Ahmedabad,664.3,16.88,20FT,Diesel,0.54,2025-08-04,387.58,Omni Transportation
SHP-00085,Kolkata,Delhi,1409.3,24.06,40FT,CNG,0.6,2025-09-25,1174.02,"Focus North America Transportation, Inc."
SHP-00086,Hyderabad,Mumbai,726.5,23.07,40FT,Diesel,0.88,2025-10-31,1079.08,FreightPlus: FreightPlus
SHP-00087,Hyderabad,Mumbai,684.8,6.89,20FT,Diesel,0.62,2025-08-26,158.15,"Pemberton Truck Lines, Inc."
SHP-00088,Indore,Mumbai,603.0,10.1,20FT,Diesel,0.53,2025-09-07,258.05,Logistics Plus Inc.
SHP-00089,Delhi,Jaipur,271.9,7.2,32FT MXL,CNG,0.79,2025-05-22,109.59,Agri-Mark/Cabot Creamery Cooperative: Cabot DSD
SHP-00090,Delhi,Chandigarh,225.5,23.75,20FT,Diesel,0.58,2025-10-12,162.23,Contrans Group Inc.: Tri-Line Carriers
SHP-00091,Kolkata,Chennai,1723.3,16.5,40FT,Diesel,0.31,2025-05-31,428.67,Big Level Trucking Inc: Flatbed
SHP-00092,Kolkata,Chennai,1628.3,6.84,32FT MXL,Diesel,0.67,2025-08-06,389.73,Ruan Transportation Management Systems: Ruan Transport Corporation
SHP-00093,Delhi,Chandigarh,241.5,17.87,32FT MXL,Diesel,0.46,2025-04-09,154.34,Helix Logistics: Freight Broker
SHP-00094,Pune,Mumbai,138.6,13.86,32FT SXL,Diesel,0.82,2025-05-22,90.63,Patriot Rail Company LLC: Mississippi Central Railroad (MSCI)
SHP-00095,Indore,Mumbai,646.2,13.59,32FT MXL,EV,0.88,2025-06-01,417.79,"J-Mar Enterprises, Inc."
SHP-00096,Kolkata,Chennai,1613.8,8.25,32FT SXL,Diesel,0.98,2025-10-11,1470.11,Jarrett : Logistics
SHP-00097,Ahmedabad,Delhi,977.1,4.03,40FT,Diesel,0.31,2025-05-26,63.13,Black River Logistics Ltd.
SHP-00098,Kolkata,Delhi,1523.5,9.18,20FT,Diesel,0.9,2025-02-28,949.4,CoLinx LLC
SHP-00099,Chennai,Bangalore,343.0,2.78,20FT,Diesel,0.87,2025-06-05,79.87,RCS Logistics
SHP-00100,Chennai,Bangalore,384.6,3.84,40FT,Diesel,0.85,2025-04-26,71.8,"Phoenix PDQ, Inc."
SHP-00101,Mumbai,Pune,146.4,22.8,32FT MXL,CNG,0.99,2025-06-06,372.33,Boomerang Transportation LLC
SHP-00102,Indore,Mumbai,604.3,15.63,20FT,EV,0.45,2025-04-19,30347.34,"RXO Air Tansport, LLC.: Legends Airways"
SHP-00103,Hyderabad,Mumbai,732.8,4.77,32FT SXL,Diesel,0.41,2025-07-29,116.21,"CorTrans Logistics LLC: CorTrans Logistics, LLC"
SHP-00104,Bangalore,Mumbai,1017.1,12.28,20FT,Diesel,0.79,2025-12-26,711.05,Camionnage CP Inc.
SHP-00105,Bangalore,Mumbai,896.0,6.6,32FT MXL,CNG,0.74,2025-12-05,306.93,"S.L.S. Delivery Services, Inc."
SHP-00106,Delhi,Jaipur,275.8,14.07,32FT SXL,EV,0.88,2025-02-06,265.5,Amstan Logistics
SHP-00107,Mumbai,Chennai,1241.1,8.38,32FT MXL,Diesel,0.63,2025-06-05,327.22,"Cox Transfer, Inc.: Van"
SHP-00108,Lucknow,Delhi,598.7,13.01,40FT,Diesel,0.72,2025-08-10,290.02,Max Trucking LLC
SHP-00109,Pune,Mumbai,153.1,1.62,32FT SXL,EV,0.89,2025-10-22,15.64,Advance Trucking Solutions Inc.
SHP-00110,Indore,Mumbai,643.2,24.99,32FT MXL,Diesel,0.83,2025-03-31,552.11,RDS Logistics Group
SHP-00111,Kolkata,Delhi,1535.8,11.61,32FT MXL,Diesel,0.71,2025-11-22,588.86,1567444 ONTARIO LIMITED
SHP-00112,Kolkata,Delhi,1673.5,12.28,40FT,Diesel,0.77,2025-03-24,915.85,Pulido Transport: 1345468
SHP-00113,Pune,Mumbai,147.3,12.89,40FT,CNG,0.69,2025-08-21,70.83,S&R Express Inc
SHP-00114,Chennai,Bangalore,337.0,8.76,40FT,CNG,0.88,2025-01-01,179.83,Vircon Transport Solutions
SHP-00115,Delhi,Chandigarh,248.1,2.3,32FT MXL,Diesel,0.65,2025-08-15,17.25,GBT INC.
SHP-00116,Mumbai,Chennai,1251.1,14.18,32FT MXL,Diesel,0.79,2025-03-04,1057.11,"Avenue Logistics, LLC"
SHP-00117,Delhi,Mumbai,1532.5,15.61,32FT SXL,CNG,0.52,2025-01-08,696.97,Royal Transportation Services Inc
SHP-00118,Delhi,Chandigarh,245.4,6.39,20FT,Diesel,0.38,2025-03-20,46.32,Fine Line Transportation
SHP-00119,Kolkata,Delhi,1662.4,8.0,32FT MXL,Diesel,0.64,2025-08-30,959.02,"Findlay's Tall Timbers Distribution Center, LLC : Ohio Logistics"
SHP-00120,Kolkata,Chennai,1645.7,4.47,32FT SXL,EV,0.66,2025-03-11,377.48,"Packer Freight Systems, Inc."
SHP-00121,Chennai,Bangalore,334.3,19.96,40FT,Diesel,0.85,2025-05-17,318.94,Jagjot Express Inc.
SHP-00122,Delhi,Mumbai,1339.2,8.17,40FT,CNG,0.61,2025-09-05,349.49,Payne Transportation Ltd.: Deck
SHP-00123,Jaipur,Ahmedabad,637.9,19.31,40FT,Diesel,0.53,2025-04-07,70.69,OmniTRAX Inc.: Illinois Railway
SHP-00124,Kolkata,Chennai,1683.8,6.61,40FT,Diesel,0.82,2025-12-28,424.52,Galaxy Freightline Inc.
SHP-00125,Lucknow,Delhi,537.5,16.93,32FT SXL,Diesel,0.33,2025-09-15,210.62,"Superior Truck Lines, Inc."
SHP-00126,Indore,Mumbai,570.2,3.41,40FT,Diesel,0.94,2025-01-08,75.64,"United Brothers Services, LLC: United Brothers Services, LLC"
SHP-00127,Bangalore,Hyderabad,559.7,16.71,32FT SXL,Diesel,0.85,2025-05-16,397.0,"J.B. Hunt Transport, Inc.: Dedicated Division"
SHP-00128,Pune,Mumbai,153.7,10.54,20FT,CNG,0.9,2025-10-01,9.99,Nationwide Transport Ltd
SHP-00129,Lucknow,Delhi,600.0,16.04,40FT,CNG,0.33,2025-02-05,184.3,"MNM Transport Services, LLC"
SHP-00130,Kolkata,Chennai,1703.5,23.1,32FT SXL,CNG,0.6,2025-02-20,1672.98,"JPI Services, INC."
SHP-00131,Delhi,Kolkata,1512.8,17.66,20FT,Diesel,0.86,2025-05-31,1470.64,"Grane Transportation Lines, Ltd."
SHP-00132,Jaipur,Ahmedabad,643.5,4.49,40FT,Diesel,0.85,2025-03-29,750.25,Just In Time Cargo Inc.
SHP-00133,Mumbai,Ahmedabad,485.4,21.9,32FT SXL,Diesel,0.71,2025-04-29,376.92,US Expediters Inc
SHP-00134,Bangalore,Mumbai,1007.0,12.03,20FT,CNG,0.63,2025-05-28,441.72,Trimac Transportation Services Inc.
SHP-00135,Delhi,Chandigarh,232.9,11.6,32FT MXL,EV,0.51,2025-08-06,64.09,Boyle Transportation
SHP-00136,Hyderabad,Mumbai,703.9,8.25,40FT,CNG,0.37,2025-07-15,88.92,"Parish Transport, LLC"
SHP-00137,Indore,Mumbai,573.4,8.1,32FT MXL,Diesel,0.88,2025-07-22,190.11,"Northfield Trucking Company, Inc"
SHP-00138,Hyderabad,Mumbai,640.1,21.76,20FT,EV,0.82,2025-05-27,1099.68,Logisource Inc (DBA Source Transport): Freight Brokerage
SHP-00139,Kolkata,Chennai,1695.5,9.46,32FT SXL,Diesel,0.77,2025-12-04,866.23,Hoker Trucking LLC
SHP-00140,Bangalore,Hyderabad,584.6,22.68,20FT,Diesel,0.61,2025-10-24,454.81,"K&B Transportation, Inc."
SHP-00141,Jaipur,Ahmedabad,690.7,3.16,32FT MXL,Diesel,0.59,2025-04-13,82.43,Pandher Trucking Ltd
SHP-00142,Bangalore,Hyderabad,602.7,22.04,32FT MXL,Diesel,0.94,2025-03-26,1202.23,GLT Logistics
SHP-00143,Hyderabad,Mumbai,768.8,23.66,32FT MXL,CNG,0.54,2025-02-28,366.67,"Sentinel Transportation, LLC: Lubes"
SHP-00144,Bangalore,Mumbai,1070.7,4.38,32FT SXL,CNG,0.81,2025-07-23,248.67,"M.C. VanKampen Trucking, Inc."
SHP-00145,Delhi,Chandigarh,243.3,19.98,20FT,Diesel,0.39,2025-07-08,121.35,Carriers Direct Inc.
SHP-00146,Hyderabad,Mumbai,722.0,20.74,32FT MXL,Diesel,0.46,2025-01-13,663.21,"Technical Transportation, Inc."
SHP-00147,Nagpur,Mumbai,904.6,14.47,32FT SXL,Diesel,0.74,2025-08-26,523.66,Ashley Pacific Northwest: APNW
SHP-00148,Ahmedabad,Delhi,968.1,3.8,20FT,EV,0.51,2025-09-10,120.09,"Merit Trucking Co, Inc."
SHP-00149,Delhi,Kolkata,1406.7,22.29,32FT SXL,Diesel,0.56,2025-12-23,1365.19,TRUE BLUE FREIGHT LLC
SHP-00150,Delhi,Chandigarh,246.0,18.81,32FT SXL,CNG,0.76,2025-09-08,1074.3,Line Drive Transportation
SHP-00151,Nagpur,Mumbai,824.6,23.84,20FT,Diesel,0.45,2025-08-16,647.22,"Bett-A-Way Traffic Systems, Inc.: Logistics Partner"
SHP-00152,Kolkata,Chennai,1778.0,3.38,32FT MXL,Diesel,0.98,2025-07-03,331.19,"Corcoran Trucking, Inc.: Temperature Control"
SHP-00153,Mumbai,Chennai,1302.9,5.56,20FT,EV,0.88,2025-02-16,357.17,"STG Intermodal Solutions, Inc.: XPOG"
SHP-00154,Delhi,Jaipur,287.9,15.33,20FT,Diesel,0.53,2025-03-06,149.72,Bright Freight Solution LLC
SHP-00155,Indore,Mumbai,555.2,20.92,32FT SXL,Diesel,0.87,2025-04-30,671.36,ICG Logistics LLC: ICG
SHP-00156,Pune,Mumbai,158.2,19.93,20FT,Diesel,0.99,2025-03-08,188.57,J Lopez Companies
SHP-00157,Delhi,Chandigarh,237.5,5.19,20FT,Diesel,0.55,2025-05-02,48.85,Saunders Biz Logistics LLC
SHP-00158,Indore,Mumbai,569.2,5.18,20FT,Diesel,0.59,2025-02-28,86.87,JMF Transport (1992) Ltée
SHP-00159,Chennai,Bangalore,348.3,19.67,20FT,Diesel,0.46,2025-11-11,303.43,"Nolan Transportation Group, Inc. (NTG): NTGO"
SHP-00160,Mumbai,Chennai,1390.4,22.81,32FT MXL,Diesel,0.97,2025-02-01,1663.14,"Reliable Carriers, Inc."
SHP-00161,Kolkata,Delhi,1636.3,11.23,20FT,Diesel,0.94,2025-02-07,803.45,Global 1 Logistics INC: 1
SHP-00162,Chennai,Bangalore,337.5,4.56,32FT SXL,Diesel,0.74,2025-10-08,66.09,"Hartt Transportation Systems, Inc.: Van"
SHP-00163,Pune,Mumbai,146.4,15.34,32FT MXL,Diesel,0.72,2025-02-20,122.44,Forward Air Corp.: FAF Inc.
SHP-00164,Delhi,Kolkata,1638.0,16.62,32FT SXL,Diesel,0.92,2025-07-31,1250.76,Medallion International LLC
SHP-00165,Pune,Mumbai,159.8,10.57,20FT,Diesel,0.52,2025-05-11,70.22,"WPS Team Logistics, Inc."
SHP-00166,Jaipur,Ahmedabad,719.9,17.48,40FT,Diesel,0.88,2025-02-17,572.66,SWAG TRANSPORT LTD.
SHP-00167,Chennai,Hyderabad,579.2,18.73,32FT SXL,Diesel,0.71,2025-10-15,867.85,LYNC Logistics: Headquarters
SHP-00168,Delhi,Chandigarh,241.5,3.93,32FT MXL,CNG,0.96,2025-08-05,65.66,"Nello Pistoresi & Son, Inc"
SHP-00169,Mumbai,Chennai,1454.6,15.41,32FT MXL,Diesel,0.66,2025-03-21,1182.7,"WPS Team Logistics, Inc."
SHP-00170,Kolkata,Delhi,1445.6,3.6,32FT MXL,Diesel,0.49,2025-04-26,166.93,Intrade Industries Inc
SHP-00171,Chennai,Hyderabad,673.5,24.39,20FT,Diesel,0.76,2025-12-22,724.48,"Dupont Motor Lines, Inc."
SHP-00172,Hyderabad,Mumbai,643.1,7.56,32FT MXL,EV,0.55,2025-04-03,161.54,Golden State Foods
SHP-00173,Bangalore,Hyderabad,577.6,10.62,32FT SXL,CNG,0.98,2025-02-16,375.33,Stop & Shop Supermarket Company - New England Divi
SHP-00174,Mumbai,Pune,141.5,11.08,32FT MXL,Diesel,0.52,2025-06-16,58.35,On Time Truckers Inc
SHP-00175,Indore,Mumbai,601.4,22.2,32FT SXL,Diesel,0.73,2025-12-12,779.16,"Ripley Transportation, Inc"
SHP-00176,Chennai,Bangalore,334.0,16.89,40FT,Diesel,0.59,2025-04-21,53.0,Twin Cities & Western Railroad
SHP-00177,Mumbai,Pune,138.4,11.32,32FT MXL,Diesel,0.72,2025-09-27,79.12,Tradewinds Logistics
SHP-00178,Ahmedabad,Delhi,854.5,10.49,20FT,Diesel,0.51,2025-04-19,419.58,Big Level Trucking Inc: Other
SHP-00179,Bangalore,Hyderabad,600.1,7.95,20FT,Diesel,0.82,2025-03-31,250.4,RAPID ROUTE LOGISTICS INC
SHP-00180,Bangalore,Hyderabad,556.3,17.89,32FT MXL,Diesel,0.9,2025-01-22,463.2,Trans-West Logistics Inc / Logistiques Trans-West Inc.
SHP-00181,Chennai,Hyderabad,569.4,23.11,32FT MXL,Diesel,0.7,2025-12-30,481.07,Elite Fleet Logistics Inc.
SHP-00182,Chennai,Hyderabad,603.5,10.72,32FT MXL,Diesel,0.96,2025-08-24,310.16,KKW Trucking Inc.: Dry Van
SHP-00183,Jaipur,Ahmedabad,605.6,21.27,32FT SXL,Diesel,0.58,2025-02-10,460.55,AIS
SHP-00184,Lucknow,Delhi,590.8,18.9,32FT SXL,Diesel,0.42,2025-09-19,291.99,"Drive, LLC.: Brokerage"
SHP-00185,Delhi,Kolkata,1539.4,5.65,32FT MXL,Diesel,0.97,2025-11-27,560.53,"Crowley Trucking, Inc"
SHP-00186,Bangalore,Hyderabad,539.9,4.51,32FT SXL,Diesel,0.41,2025-12-02,53.97,Open Express Inc  DBA  Open 365 Express
SHP-00187,Chennai,Bangalore,327.4,19.55,40FT,Diesel,0.69,2025-10-24,238.76,"Khalsa Transportation, Inc.: Trucks"
SHP-00188,Bangalore,Mumbai,1015.5,22.17,32FT MXL,CNG,0.74,2025-03-19,966.8,"Veriha Trucking, Inc"
SHP-00189,Bangalore,Mumbai,895.4,11.61,32FT MXL,CNG,0.71,2025-06-30,517.68,Barnes Transportation
SHP-00190,Mumbai,Pune,137.2,12.08,20FT,Diesel,0.88,2025-02-09,102.3,Premier Packaging: Hillsboro
SHP-00191,Chennai,Bangalore,358.1,13.17,40FT,Diesel,0.97,2025-01-22,346.4,"Heart Transportation US, Inc."
SHP-00192,Bangalore,Mumbai,1060.2,14.72,32FT SXL,Diesel,0.63,2025-03-19,593.96,"Sajacks Transport, Inc"
SHP-00193,Mumbai,Chennai,1316.8,20.46,32FT MXL,EV,0.36,2025-11-27,451.15,"Grove Transportation Services, Inc.: Grove"
SHP-00194,Mumbai,Ahmedabad,481.1,17.98,40FT,Diesel,0.73,2025-07-06,355.1,ADMV LOGISTICS INC
SHP-00195,Jaipur,Ahmedabad,715.2,10.3,32FT MXL,Diesel,0.34,2025-11-20,145.35,Bee-Line Delivery Service
SHP-00196,Pune,Mumbai,137.0,3.27,40FT,Diesel,0.81,2025-12-03,26.15,Partner Fr8 Trucking LLC
SHP-00197,Nagpur,Mumbai,902.7,9.0,32FT SXL,EV,0.52,2025-12-02,318.65,"FreightVana, LLC"
SHP-00198,Lucknow,Delhi,509.2,18.01,20FT,Diesel,0.56,2025-06-18,328.72,"Harvest Miles Transport, LLC"
SHP-00199,Bangalore,Hyderabad,589.4,20.9,20FT,Diesel,0.6,2025-07-05,518.4,"McKimm Milk Transit, Inc."
SHP-00200,Delhi,Mumbai,1361.5,5.33,32FT SXL,Diesel,0.84,2025-04-09,379.53,VETRANS LLC
SHP-00201,Kolkata,Chennai,1826.0,4.72,32FT MXL,CNG,0.37,2025-10-04,164.91,Riverence Provisions LLC
SHP-00202,Mumbai,Pune,136.1,9.08,32FT SXL,Diesel,0.41,2025-04-03,35.07,"Ceva Freight, LLC: 1736901"
SHP-00203,Nagpur,Mumbai,891.9,4.97,40FT,Diesel,0.56,2025-05-02,187.23,"Elite Transit Solutions, LLC"
SHP-00204,Bangalore,Mumbai,1001.7,19.06,40FT,Diesel,0.47,2025-08-29,520.74,UNIVERSITY CORP: MONTGOMERY
SHP-00205,Delhi,Jaipur,272.6,23.73,40FT,Diesel,0.5,2025-07-15,163.94,Service Transport Company
SHP-00206,Mumbai,Pune,150.8,24.19,32FT SXL,CNG,0.4,2025-05-09,105.15,MEA Express LLC
SHP-00207,Mumbai,Chennai,1367.6,21.98,20FT,CNG,0.66,2025-03-05,964.82,"Prime, Inc.: Flatbed"
SHP-00208,Ahmedabad,Delhi,861.8,4.85,40FT,EV,0.4,2025-08-12,97.02,"Newcomb Warehouse, Inc."
SHP-00209,Chennai,Bangalore,381.2,6.33,40FT,CNG,0.95,2025-08-01,119.72,"GT Worldwide Logistics, LLC dba Raytrans Trucking"
SHP-00210,Mumbai,Chennai,1302.5,9.98,40FT,EV,0.56,2025-01-15,301.25,Infinity Transportation Inc.
SHP-00211,Pune,Mumbai,162.9,21.14,32FT MXL,CNG,0.4,2025-05-27,68.79,BAAZ MOTOR FREIGHT
SHP-00212,Kolkata,Delhi,1590.0,4.33,40FT,Diesel,0.3,2025-02-10,155.79,IMC Companies - National Accounts
SHP-00213,Delhi,Mumbai,1331.7,21.04,40FT,Diesel,0.5,2025-06-04,896.72,Verst Group Logistics
SHP-00214,Delhi,Kolkata,1391.6,11.08,40FT,Diesel,0.89,2025-09-13,949.9,"Celestial Freight Networks, Inc."
SHP-00215,Nagpur,Mumbai,846.1,16.17,32FT SXL,CNG,0.5,2025-01-01,484.72,ANR Logistics
SHP-00216,Nagpur,Mumbai,815.3,14.7,32FT SXL,Diesel,0.36,2025-07-04,223.12,Falcon Transportation LLC
SHP-00217,Chennai,Bangalore,381.7,14.06,20FT,Diesel,0.63,2025-11-22,196.2,Bole Logistics
SHP-00218,Lucknow,Delhi,602.9,7.09,20FT,Diesel,0.35,2025-05-04,121.32,"Roadrunner Transportation Services, Inc."
SHP-00219,Delhi,Kolkata,1613.1,18.64,32FT MXL,Diesel,0.55,2025-06-23,1322.07,"ABF Freight, an ArcBest company"
SHP-00220,Mumbai,Ahmedabad,565.0,17.43,40FT,Diesel,0.87,2025-02-02,517.59,TransDirect Freightlines Inc.
SHP-00221,Bangalore,Mumbai,889.2,5.84,32FT SXL,CNG,0.52,2025-06-08,218.97,"TForce Logistics: TForce Logistics East, LLC"
SHP-00222,Mumbai,Pune,146.9,20.57,40FT,Diesel,0.83,2025-04-08,189.17,Quantum Freight LLC
SHP-00223,Ahmedabad,Delhi,913.1,19.74,32FT MXL,Diesel,0.86,2025-08-12,894.52,ARLO G LOTT TRUCKING INC: flatbed (80k Long Haul)
SHP-00224,Lucknow,Delhi,576.8,22.47,40FT,Diesel,0.43,2025-12-21,356.72,Sunstar Haulers Inc.
SHP-00225,Kolkata,Delhi,1489.4,20.13,32FT MXL,CNG,0.81,2025-02-10,1779.83,"Professional Auto Transport, Inc."
SHP-00226,Chennai,Hyderabad,642.9,20.74,32FT MXL,Diesel,0.36,2025-12-05,268.94,Visual Pak Logistics LLC dba VP Logistics LLC
SHP-00227,Ahmedabad,Delhi,903.6,15.46,40FT,Diesel,0.61,2025-08-17,597.68,Destination Freight Services
SHP-00228,Mumbai,Chennai,1390.3,22.88,40FT,Diesel,0.99,2025-01-30,2015.74,C Bar P Trucking Inc
SHP-00229,Chennai,Bangalore,362.0,10.75,32FT SXL,EV,0.4,2025-11-08,117.41,PTI Transportation
SHP-00230,Bangalore,Mumbai,888.8,2.61,32FT MXL,Diesel,0.96,2025-01-17,125.23,Jagjot Express Inc.
SHP-00231,Nagpur,Mumbai,781.8,11.8,32FT MXL,Diesel,0.83,2025-10-21,429.01,VASCOR Brokerage
SHP-00232,Bangalore,Hyderabad,573.4,10.55,32FT MXL,Diesel,0.38,2025-04-06,124.28,Falcon Xpress Transportation Group Inc: FXGP
SHP-00233,Kolkata,Delhi,1535.4,22.93,20FT,Diesel,0.48,2025-08-17,1274.65,"Manufacturer's Transportation, Inc."
SHP-00234,Delhi,Jaipur,307.8,7.85,40FT,Diesel,0.4,2025-02-07,64.21,"Patriot Logistics, Inc."
SHP-00235,Bangalore,Mumbai,915.8,18.12,20FT,CNG,0.98,2025-06-13,1164.01,Safeway Trucking Corporation: SFWY
SHP-00236,Jaipur,Ahmedabad,687.7,14.2,32FT MXL,CNG,0.9,2025-12-31,622.75,Drew-Massa Transportation LLC
SHP-00237,Mumbai,Ahmedabad,561.1,13.21,20FT,EV,0.85,2025-05-02,460.95,Freeway Freight LLC
SHP-00238,Kolkata,Delhi,1385.0,14.3,32FT MXL,Diesel,0.99,2025-03-08,1255.03,United Drivers Alliance
SHP-00239,Nagpur,Mumbai,904.6,2.58,40FT,EV,0.8,2025-09-27,140.83,"TTS, LLC"
SHP-00240,Chennai,Hyderabad,663.9,20.76,20FT,Diesel,0.52,2025-02-07,370.63,ROUTE KING TRANSPORT LTD.
SHP-00241,Bangalore,Mumbai,973.3,13.42,32FT SXL,CNG,0.85,2025-11-24,786.69,"P and L Express, Inc."
SHP-00242,Indore,Mumbai,552.5,24.19,40FT,Diesel,0.91,2025-03-05,681.42,Marten Transport LTD: Intermodal
SHP-00243,Mumbai,Pune,139.6,4.95,32FT MXL,EV,0.46,2025-09-23,17.18,"J&H Trucking, Inc.: Van Fleet"
SHP-00244,Ahmedabad,Delhi,1005.0,7.01,32FT MXL,Diesel,0.51,2025-10-01,185.8,Palitra Freight Inc.
SHP-00245,Chennai,Bangalore,350.2,5.05,32FT SXL,Diesel,0.74,2025-11-06,147.46,Mayflower Transit
SHP-00246,Pune,Mumbai,160.3,14.53,20FT,Diesel,0.96,2025-10-23,92.54,Webley Express Inc.: WEI
SHP-00247,Hyderabad,Mumbai,731.5,19.41,40FT,Diesel,0.32,2025-11-18,282.88,Armada
SHP-00248,Delhi,Chandigarh,239.5,23.96,40FT,Diesel,0.87,2025-07-27,232.22,RPM Transit
SHP-00249,Ahmedabad,Delhi,931.3,17.53,32FT SXL,Diesel,0.64,2025-04-15,747.86,IMCG
SHP-00250,Pune,Mumbai,153.2,8.5,32FT MXL,CNG,0.9,2025-07-24,91.11,JC LOGISTICS INTERNATIOINAL LLC DBA JC LOGISTICS: JC LOGISTICS
SHP-00251,Bangalore,Hyderabad,599.7,13.36,20FT,Diesel,0.63,2025-05-17,272.88,"GetGo Transportation Co., LLC: GetGo"
SHP-00252,Bangalore,Mumbai,930.6,3.32,32FT MXL,EV,0.9,2025-08-03,140.94,Seaboard Liquid Carriers Limited: Harmac Transportation
SHP-00253,Kolkata,Chennai,1813.6,22.66,32FT MXL,EV,0.8,2025-04-08,1717.06,One 8 Freight LLC
SHP-00254,Mumbai,Ahmedabad,529.8,13.35,40FT,CNG,0.65,2025-02-16,240.11,Simard Transport Ltd.: Simard
SHP-00255,Lucknow,Delhi,550.6,24.2,32FT SXL,Diesel,0.33,2025-05-25,229.65,Baggett Transportation Company: Truckload
SHP-00256,Kolkata,Delhi,1559.8,21.23,40FT,Diesel,0.31,2025-02-25,512.65,Davis Cartage Co
SHP-00257,Chennai,Hyderabad,583.9,7.35,32FT MXL,CNG,0.56,2025-07-25,124.28,"Jax Transport, LLC: Grocery Logistics"
SHP-00258,Mumbai,Chennai,1348.7,5.67,32FT MXL,Diesel,0.65,2025-10-09,260.28,IN N OUT FREIGHT INC
SHP-00259,Hyderabad,Mumbai,756.2,15.96,20FT,Diesel,0.37,2025-07-11,308.92,Superior Freight Inc
SHP-00260,Pune,Mumbai,151.7,9.77,32FT SXL,Diesel,0.66,2025-09-14,48.85,S & D Coffee and Tea
SHP-00261,Mumbai,Chennai,1209.1,4.29,32FT MXL,CNG,0.66,2025-03-18,273.68,Logan Premium Logistics
SHP-00262,Nagpur,Mumbai,906.0,4.35,32FT MXL,Diesel,0.99,2025-06-03,273.66,Dash Transport Inc
SHP-00263,Indore,Mumbai,570.7,20.88,40FT,CNG,0.51,2025-01-09,430.62,WESTERN ENTERPRISES INC
SHP-00264,Jaipur,Ahmedabad,637.7,3.63,40FT,Diesel,0.86,2025-12-19,143.46,CLW Group LLC
SHP-00265,Delhi,Mumbai,1427.1,7.37,32FT SXL,CNG,0.71,2025-03-29,403.71,"Action Resources, LLC: Action Dedicated"
SHP-00266,Mumbai,Pune,153.9,15.87,40FT,Diesel,0.78,2025-01-17,124.71,"Certified Express, Inc."
SHP-00267,Indore,Mumbai,642.9,3.64,20FT,Diesel,0.59,2025-07-31,88.38,R.M. Sullivan Transportation Inc.
SHP-00268,Delhi,Jaipur,275.0,19.6,40FT,CNG,0.82,2025-02-01,282.9,MPV Express Inc.
SHP-00269,Bangalore,Hyderabad,572.1,14.46,40FT,Diesel,0.52,2025-03-30,209.2,SSP Truck Line Inc.
SHP-00270,Bangalore,Mumbai,1060.8,9.22,32FT MXL,Diesel,0.91,2025-12-15,721.73,"Countrywide Transportation, Inc.: 323111"
SHP-00271,Hyderabad,Mumbai,725.6,5.61,32FT SXL,Diesel,0.51,2025-06-02,401.7,Palmer Moving Services: Local
SHP-00272,Ahmedabad,Delhi,978.5,17.57,40FT,Diesel,0.54,2025-05-21,679.23,"Quest Industries, Inc.: Freight Broker"
SHP-00273,Ahmedabad,Delhi,868.9,17.24,40FT,CNG,0.58,2025-06-26,486.79,Triple Crown Services
SHP-00274,Bangalore,Hyderabad,546.1,7.9,20FT,Diesel,0.61,2025-05-12,142.27,Via Egnatia Logistics LLC
SHP-00275,Kolkata,Delhi,1442.5,20.87,32FT MXL,EV,0.79,2025-03-12,1713.87,"Alliance Logistics, LLC"
SHP-00276,Delhi,Kolkata,1565.4,15.08,32FT SXL,Diesel,0.93,2025-04-26,1149.59,"New Waverly Transportation, Inc.: NWT"
SHP-00277,Kolkata,Chennai,1511.4,10.92,40FT,Diesel,0.84,2025-01-03,972.38,Serv-U-Success Logistics LLC
SHP-00278,Delhi,Chandigarh,273.9,4.79,40FT,Diesel,0.44,2025-05-28,32.34,iHaul Logistics US: iHaul Logistics Inc
SHP-00279,Pune,Mumbai,143.6,2.42,20FT,Diesel,0.46,2025-01-20,9.85,The Grayage Company
SHP-00280,Mumbai,Ahmedabad,521.3,21.1,20FT,EV,0.58,2025-09-11,496.01,Tampa Bay Logistics LLC
SHP-00281,Mumbai,Ahmedabad,576.3,24.09,32FT MXL,CNG,0.31,2025-10-18,2162.23,MBM Logistics LLC
SHP-00282,Nagpur,Mumbai,774.0,24.59,32FT MXL,Diesel,0.75,2025-09-26,101919.52,"RXO Air Tansport, LLC.: Legends Airways"
SHP-00283,Kolkata,Delhi,1649.1,4.22,40FT,Diesel,0.87,2025-06-19,302.36,Barr-Nunn Transportation LLC
SHP-00284,Mumbai,Ahmedabad,554.5,16.56,32FT SXL,Diesel,0.54,2025-06-01,287.75,WINDY CITY NATIONAL TRANS INC.
SHP-00285,Indore,Mumbai,610.6,5.64,40FT,CNG,0.66,2025-02-14,218.84,Alpha Logistics Service
SHP-00286,Lucknow,Delhi,568.6,5.43,32FT SXL,Diesel,0.96,2025-01-04,223.56,Great Lakes Trasport Solutions
SHP-00287,Hyderabad,Mumbai,693.5,11.72,32FT MXL,EV,0.51,2025-10-21,207.01,TL Transport LLC: TL Transport
SHP-00288,Delhi,Mumbai,1333.2,9.63,32FT SXL,Diesel,0.38,2025-06-07,283.12,TRYPEX TRANSPORT LTD.
SHP-00289,Mumbai,Ahmedabad,520.0,13.06,32FT MXL,Diesel,0.75,2025-06-01,275.36,Crum Trucking Inc.
SHP-00290,Jaipur,Ahmedabad,675.1,6.26,32FT SXL,Diesel,0.62,2025-11-07,136.85,Wolf Logistics LLC
SHP-00291,Jaipur,Ahmedabad,648.9,14.18,40FT,CNG,0.86,2025-04-22,570.25,Citadel Cartage LLC
SHP-00292,Kolkata,Chennai,1719.9,15.3,20FT,Diesel,0.67,2025-07-05,1128.51,Panorama Logistics LLC
SHP-00293,Chennai,Bangalore,379.2,3.69,32FT SXL,Diesel,0.4,2025-06-17,40.33,MARKS Logistics LLC: 26 FT Straight Truck
SHP-00294,Mumbai,Pune,148.3,17.33,40FT,Diesel,0.66,2025-01-29,124.1,SD Transportation
SHP-00295,Bangalore,Mumbai,907.9,10.97,20FT,Diesel,0.77,2025-06-07,429.68,Target Transportation
SHP-00296,Delhi,Mumbai,1370.9,20.59,32FT SXL,Diesel,0.33,2025-06-26,540.55,Navi Logistics Inc.
SHP-00297,Chennai,Bangalore,352.9,2.45,20FT,EV,0.63,2025-05-27,39.85,"Integrated Transportation Solutions, LLC"
SHP-00298,Chennai,Hyderabad,589.7,4.25,40FT,Diesel,0.92,2025-08-18,186.97,"Legion Logistics, LLC"
SHP-00299,Lucknow,Delhi,536.3,17.39,32FT SXL,Diesel,0.54,2025-04-02,234.26,MC Carrier LLC
SHP-00300,Delhi,Chandigarh,244.7,4.06,32FT SXL,CNG,0.83,2025-06-02,41.18,Wavepoint trucking Company LLC
SHP-00301,Bangalore,Mumbai,1014.0,14.07,40FT,CNG,0.47,2025-06-27,362.51,A.B.P. TRANSPORTATION SERVICES INCORPORATED
SHP-00302,Bangalore,Hyderabad,544.4,23.5,20FT,Diesel,0.76,2025-11-11,695.94,"4 Gen Logistics, LLC"
SHP-00303,Delhi,Mumbai,1327.4,2.61,20FT,Diesel,0.77,2025-01-25,118.77,Cypress Truck Lines Inc: CYPRESS
SHP-00304,Kolkata,Chennai,1739.9,10.65,32FT SXL,Diesel,0.83,2025-01-29,768.06,Tedesco Trucking llc
SHP-00305,Bangalore,Hyderabad,570.4,7.94,32FT MXL,Diesel,0.84,2025-06-14,150.09,"Cliff Viessman, Inc.: Hopper"
SHP-00306,Kolkata,Chennai,1594.2,4.44,32FT SXL,Diesel,0.49,2025-10-13,269.66,Visible SCM DBA Maersk ECL
SHP-00307,Indore,Mumbai,634.8,22.88,40FT,Diesel,0.33,2025-06-26,372.65,Crown LSP Group
SHP-00308,Lucknow,Delhi,581.4,8.65,40FT,Diesel,0.51,2025-04-05,1985.63,FedEx Express
SHP-00309,Delhi,Chandigarh,248.7,21.38,32FT MXL,CNG,0.4,2025-08-26,114.98,Kruse Nationwide Inc.
SHP-00310,Mumbai,Chennai,1346.6,24.23,32FT SXL,Diesel,0.48,2025-06-19,761.63,MMA TRANSPORT SERVICES CORP
SHP-00311,Chennai,Bangalore,379.6,21.33,20FT,Diesel,0.88,2025-01-27,385.2,Jap Express LLC
SHP-00312,Hyderabad,Mumbai,692.6,15.52,20FT,CNG,0.43,2025-10-28,268.23,Lion Force Transport Inc
SHP-00313,Delhi,Chandigarh,235.9,6.01,32FT MXL,Diesel,0.94,2025-04-19,68.92,"Heyl Truck Lines, Inc.: HES Division"
SHP-00314,Delhi,Jaipur,305.9,3.82,40FT,EV,0.79,2025-12-27,58.55,ACE Heavy Haul LLC
SHP-00315,Delhi,Jaipur,274.2,6.74,32FT MXL,CNG,0.57,2025-10-01,52.61,"Pohl Transportation, Inc."
SHP-00316,Jaipur,Ahmedabad,634.7,9.63,40FT,Diesel,0.86,2025-08-29,1419.01,Patriot Rail Company LLC: Indiana Southwestern Railway (ISW)
SHP-00317,Pune,Mumbai,162.4,9.9,40FT,Diesel,0.9,2025-03-16,90.09,River City Logistics
SHP-00318,Delhi,Mumbai,1333.0,23.43,40FT,Diesel,0.44,2025-04-28,797.47,"Wiley Sanders Truck Lines, Inc.: 1"
SHP-00319,Lucknow,Delhi,557.7,6.9,32FT MXL,Diesel,0.88,2025-11-25,221.68,Liberty Links Inc.: Liberty Links
SHP-00320,Kolkata,Delhi,1518.0,18.59,32FT MXL,Diesel,0.8,2025-09-08,1291.17,Global Expedited Transportation Freight Corporation
SHP-00321,Mumbai,Ahmedabad,574.2,14.01,20FT,Diesel,0.89,2025-02-08,432.53,"Twin Valley Farms Exchange, Inc."
SHP-00322,Mumbai,Chennai,1400.3,10.9,32FT SXL,Diesel,0.41,2025-04-22,363.16,"Seward Motor Freight, Inc."
SHP-00323,Mumbai,Pune,148.7,2.45,40FT,Diesel,0.31,2025-09-30,31.87,"Pro-Ex, a division of the Pike Group"
SHP-00324,Delhi,Chandigarh,245.6,1.4,32FT MXL,Diesel,0.5,2025-09-15,12.6,Virginia Transportation Corp.
SHP-00325,Chennai,Hyderabad,668.6,22.83,20FT,EV,0.67,2025-05-04,771.38,Valley Express LLC: 0
SHP-00326,Delhi,Jaipur,286.7,7.06,32FT MXL,Diesel,0.58,2025-07-11,82.34,Intact Freight LLC
SHP-00327,Lucknow,Delhi,545.5,6.84,32FT SXL,Diesel,0.88,2025-02-11,210.17,"NAPA Transportation, Inc."
SHP-00328,Mumbai,Chennai,1221.9,10.1,40FT,Diesel,0.31,2025-03-29,310.23,"Wilson Transportation, Inc."
SHP-00329,Chennai,Bangalore,350.0,11.41,32FT MXL,Diesel,0.9,2025-02-18,346.05,RXO Logistics
SHP-00330,Mumbai,Pune,162.6,6.51,40FT,Diesel,0.95,2025-12-17,80.39,"TForce Worldwide, Inc."
SHP-00331,Hyderabad,Mumbai,766.7,14.52,20FT,Diesel,0.9,2025-01-09,755.71,"WSI Freight Solutions, LLC"
SHP-00332,Delhi,Jaipur,284.9,19.05,40FT,EV,0.51,2025-10-16,138.23,TFI Transport 11 Inc. (Division Papineau International): Papineau
SHP-00333,Kolkata,Chennai,1682.1,21.39,32FT MXL,Diesel,0.82,2025-12-19,1653.05,Maritime-Ontario
SHP-00334,Chennai,Bangalore,350.1,24.38,20FT,Diesel,0.46,2025-02-08,278.21,"Chohan Transportation, Inc."
SHP-00335,Pune,Mumbai,153.2,15.73,40FT,EV,0.53,2025-11-21,122.97,G3 Enterprises
SHP-00336,Hyderabad,Mumbai,750.3,11.81,32FT SXL,Diesel,0.96,2025-08-10,424.81,TFI Transport 11 INC. (Besner: 1
SHP-00337,Mumbai,Ahmedabad,549.0,16.86,20FT,CNG,0.51,2025-05-07,331.1,Ryan Transportation: AEXG
SHP-00338,Chennai,Bangalore,320.7,4.7,32FT SXL,CNG,0.52,2025-02-24,40.94,Tenold Transportation Ltd.
SHP-00339,Chennai,Bangalore,315.4,8.4,32FT MXL,CNG,0.37,2025-02-14,47.67,Art Pape Transfer D/B/A Tucker Freight Lines: For-Hire Open Deck Operations
SHP-00340,Mumbai,Ahmedabad,522.7,14.37,40FT,Diesel,0.36,2025-10-11,198.18,Quality Car Shippers LLC
SHP-00341,Chennai,Bangalore,356.8,19.83,40FT,Diesel,0.59,2025-02-13,208.47,LSC Communications Transport LLC
SHP-00342,Delhi,Chandigarh,270.3,24.48,32FT SXL,Diesel,0.42,2025-05-18,161.28,"Dolphin, Line, Inc.: 30726124"
SHP-00343,Ahmedabad,Delhi,896.5,4.5,32FT SXL,Diesel,0.59,2025-09-05,143.79,Portage Transport Inc.
SHP-00344,Chennai,Bangalore,340.3,23.66,40FT,Diesel,0.44,2025-02-24,248.48,KoalaT Logistics Solutions inc
SHP-00345,Bangalore,Hyderabad,547.7,23.77,32FT MXL,CNG,0.57,2025-06-18,463.32,Averitt Express
SHP-00346,Bangalore,Mumbai,947.6,20.57,32FT SXL,Diesel,0.72,2025-12-22,890.14,Milyard Group Inc.
SHP-00347,Delhi,Jaipur,278.8,5.26,40FT,EV,0.5,2025-12-22,46.51,Sherman Bros. Heavy Trucking: Linehaul
SHP-00348,Kolkata,Delhi,1673.1,19.77,32FT MXL,Diesel,0.87,2025-07-21,2237.39,Simple Logistics LLC: SLLR
SHP-00349,Jaipur,Ahmedabad,609.0,14.53,32FT SXL,Diesel,0.69,2025-08-25,368.85,"Justin Time Transportation, LLC"
SHP-00350,Delhi,Jaipur,276.6,7.99,20FT,CNG,0.86,2025-07-29,151.94,"ODW LTS, LLC."
SHP-00351,Kolkata,Delhi,1419.6,8.27,32FT MXL,Diesel,0.8,2025-07-13,469.03,UNIVERSITY CORP: AUBURN
SHP-00352,Chennai,Bangalore,346.4,15.35,40FT,Diesel,0.95,2025-12-21,323.33,Ideal Logistics Group Inc.
SHP-00353,Chennai,Hyderabad,635.5,19.98,32FT MXL,CNG,0.87,2025-11-01,774.79,SBK Logistics LLC
SHP-00354,Chennai,Bangalore,322.7,6.96,32FT MXL,Diesel,0.73,2025-10-16,84.79,MJD Trucking Inc
SHP-00355,Lucknow,Delhi,601.3,8.96,40FT,Diesel,0.37,2025-04-24,112.1,"Comstar Enterprises, Inc.: CEI fleet"
SHP-00356,Mumbai,Pune,157.4,14.39,32FT SXL,Diesel,0.57,2025-12-14,66.76,Mast Trucking Inc.
SHP-00357,Indore,Mumbai,612.5,4.62,20FT,Diesel,0.51,2025-02-13,70.18,Crete Carrier Corporation: Hunt Transportation (Flatbed Division)
SHP-00358,Delhi,Kolkata,1631.4,18.52,32FT MXL,Diesel,0.62,2025-04-16,910.98,Central Oregon Truck Company
SHP-00359,Mumbai,Pune,149.5,12.43,40FT,CNG,0.62,2025-02-04,217.81,TST Expedited Services Inc
SHP-00360,Ahmedabad,Delhi,854.4,18.06,20FT,CNG,0.75,2025-12-13,938.45,Flexport Freight LLC
SHP-00361,Mumbai,Ahmedabad,575.6,18.77,32FT SXL,Diesel,0.53,2025-08-07,332.29,Sahib Freight Services Inc.
SHP-00362,Bangalore,Mumbai,927.4,10.72,32FT SXL,Diesel,0.76,2025-07-22,437.31,Pulido Transport: 1345468
SHP-00363,Delhi,Mumbai,1466.5,22.19,40FT,Diesel,0.57,2025-12-27,959.22,Coastal Carriers Truck Lines LLC
SHP-00364,Delhi,Jaipur,263.5,19.06,20FT,Diesel,0.86,2025-10-02,223.36,May Trucking Company: Reefer Division
SHP-00365,Mumbai,Ahmedabad,515.8,5.73,20FT,Diesel,0.9,2025-09-28,188.48,"Habeck Trucking, Inc."
SHP-00366,Pune,Mumbai,152.9,15.67,20FT,Diesel,0.89,2025-11-13,139.59,Guntren Trucking LLC
SHP-00367,Mumbai,Ahmedabad,563.3,17.94,32FT MXL,EV,0.71,2025-12-11,333.74,Allstate Transport Inc.
SHP-00368,Bangalore,Hyderabad,548.7,6.73,20FT,Diesel,0.79,2025-09-19,210.23,Evergreen Grease
SHP-00369,Lucknow,Delhi,541.0,4.31,40FT,Diesel,0.64,2025-10-03,93.17,Fairchild Freight LLC
SHP-00370,Mumbai,Ahmedabad,535.8,12.75,32FT SXL,Diesel,0.89,2025-11-14,426.44,MIK Freight Inc.
SHP-00371,Mumbai,Chennai,1427.2,23.84,40FT,Diesel,0.87,2025-10-15,1225.03,ET TRANSPORT
SHP-00372,Mumbai,Pune,154.6,10.82,40FT,Diesel,0.89,2025-09-08,86.39,"AMC Express, Inc."
SHP-00373,Mumbai,Ahmedabad,485.8,1.74,32FT SXL,Diesel,0.49,2025-10-03,23.29,"Western Dist. Trans., Corp."
SHP-00374,Ahmedabad,Delhi,877.6,11.98,40FT,Diesel,0.38,2025-02-28,510.35,TDS TRUCKING TRAINING & TECHNOLOGY LLC
SHP-00375,Hyderabad,Mumbai,749.1,20.76,32FT MXL,Diesel,0.83,2025-08-14,930.16,Royal Truck Ways Inc
SHP-00376,Delhi,Chandigarh,235.9,11.2,32FT SXL,Diesel,1.0,2025-08-19,164.5,CEVA Freight Canada Corp
SHP-00377,Hyderabad,Mumbai,688.5,20.6,40FT,CNG,0.38,2025-05-02,437.04,"Backhaul Direct, LLC: Brokerage"
SHP-00378,Delhi,Jaipur,297.4,15.11,32FT MXL,CNG,0.73,2025-08-08,236.4,Advanced Drainage Systems: ADS
SHP-00379,Mumbai,Ahmedabad,542.3,19.84,32FT SXL,CNG,0.7,2025-09-30,376.12,Sam Auto Trans
SHP-00380,Hyderabad,Mumbai,723.8,5.04,32FT MXL,Diesel,0.49,2025-09-21,96.64,Hyway Trucking Co.
SHP-00381,Delhi,Kolkata,1418.5,19.0,40FT,EV,0.99,2025-12-02,3006.35,"Steam Logistics, LLC.: 1"
SHP-00382,Bangalore,Hyderabad,593.0,4.18,32FT SXL,CNG,0.88,2025-12-13,142.8,Marson Trucking Inc
SHP-00383,Lucknow,Delhi,548.8,14.86,32FT MXL,Diesel,0.56,2025-02-08,57.53,Lake State Railway Company: LSRC
SHP-00384,Chennai,Bangalore,343.2,19.0,32FT MXL,Diesel,0.64,2025-10-25,183.37,Venezia Liquid Tank Lines
SHP-00385,Delhi,Mumbai,1503.3,21.33,20FT,CNG,0.62,2025-12-07,1376.14,USCS Logistics
SHP-00386,Jaipur,Ahmedabad,706.2,20.1,40FT,Diesel,0.6,2025-04-19,396.15,"Glen Raven Logistics, Inc."
SHP-00387,Kolkata,Delhi,1459.2,20.88,32FT MXL,Diesel,0.39,2025-09-06,552.71,Contrans Group Inc.: Tripar Transportation
SHP-00388,Pune,Mumbai,161.8,19.29,20FT,Diesel,0.85,2025-08-24,137.19,Doug Andrus Distributing LLC: Refridgerated Heavy Haul
SHP-00389,Delhi,Mumbai,1294.8,21.58,40FT,Diesel,0.99,2025-08-08,1495.48,"Baylor Trucking, Inc.: BYLR"
SHP-00390,Delhi,Jaipur,307.8,22.83,32FT MXL,Diesel,0.95,2025-05-21,468.22,Transportation Services Inc.
SHP-00391,Chennai,Bangalore,360.8,7.01,32FT MXL,Diesel,0.75,2025-01-27,273.5,Essendant Co
SHP-00392,Lucknow,Delhi,563.8,18.42,32FT SXL,Diesel,0.36,2025-02-18,281.99,Greenline Logistics LLC
SHP-00393,Delhi,Mumbai,1319.8,2.87,32FT SXL,Diesel,0.61,2025-01-05,129.93,"Jax Transport, LLC: Fresh Food Logistics"
SHP-00394,Pune,Mumbai,159.5,24.72,40FT,Diesel,0.63,2025-04-28,142.07,"The Hubach Group, Inc."
SHP-00395,Lucknow,Delhi,504.8,20.34,20FT,Diesel,0.92,2025-03-12,712.49,Agforce Transport Services
SHP-00396,Lucknow,Delhi,580.1,19.08,32FT SXL,Diesel,0.77,2025-02-05,425.61,"Ameri-Transport, Inc."
SHP-00397,Mumbai,Pune,151.9,15.65,32FT SXL,Diesel,0.81,2025-11-18,108.28,"Hoosier Air Transport, Inc."
SHP-00398,Bangalore,Hyderabad,617.9,15.79,40FT,CNG,0.36,2025-02-21,222.78,Celo Transport
SHP-00399,Bangalore,Hyderabad,598.8,15.15,40FT,Diesel,0.6,2025-03-13,524.07,CTE Logistics
SHP-00400,Kolkata,Chennai,1586.0,3.02,32FT MXL,CNG,0.78,2025-12-04,216.8,"Jers Enterprises, Inc."
SHP-00401,Ahmedabad,Delhi,884.6,15.57,32FT SXL,CNG,0.51,2025-01-28,407.63,2454934 ONTARIO INC dba Olympic Roadside
SHP-00402,Kolkata,Chennai,1658.3,3.71,40FT,Diesel,0.35,2025-01-07,89.11,MIDDLE MILE EXPRESS LLC
SHP-00403,Jaipur,Ahmedabad,717.3,4.17,40FT,Diesel,0.78,2025-08-30,145.67,NEWLINE TRANSPORT INC
SHP-00404,Chennai,Bangalore,316.2,2.62,32FT MXL,Diesel,0.95,2025-07-23,45.67,DMN Transport Inc: DMN
SHP-00405,Mumbai,Pune,143.6,18.1,40FT,Diesel,0.58,2025-11-24,106.82,Versacold Logistics Services GP Limited: VTS Saskatoon
SHP-00406,Delhi,Chandigarh,251.9,4.66,20FT,Diesel,0.66,2025-04-15,53.63,Shipper Logistics LLC
SHP-00407,Bangalore,Hyderabad,574.1,10.38,20FT,Diesel,0.61,2025-05-03,274.18,"Frost Logistics, INC"
SHP-00408,Mumbai,Chennai,1262.0,23.19,20FT,Diesel,0.73,2025-06-08,1498.44,"SDR Trucking, LLC"
SHP-00409,Mumbai,Ahmedabad,489.7,17.99,20FT,Diesel,0.97,2025-09-25,495.9,"MNM Transport Services, LLC"
SHP-00410,Mumbai,Pune,158.5,18.3,32FT SXL,Diesel,0.82,2025-05-18,98.43,HFCS Transport
SHP-00411,Delhi,Kolkata,1613.1,1.7,40FT,Diesel,0.34,2025-12-31,61.04,Scotlynn Transport LLC: OTR
SHP-00412,Indore,Mumbai,605.0,12.91,32FT MXL,Diesel,0.9,2025-03-27,506.57,"Central Air Freight Services, Inc"
SHP-00413,Jaipur,Ahmedabad,614.8,19.56,20FT,Diesel,0.66,2025-01-23,396.36,B-H Transfer Co: Import/Export Operations
SHP-00414,Delhi,Mumbai,1328.5,12.32,40FT,EV,0.43,2025-01-19,498.68,"Go Green Logistics, LLC"
SHP-00415,Delhi,Chandigarh,265.2,18.14,40FT,Diesel,0.47,2025-06-13,185.84,eCarMover Inc
SHP-00416,Hyderabad,Mumbai,756.3,14.72,20FT,Diesel,0.93,2025-04-02,625.47,Kelles Transport Service LLC/DBA SOAR Transportion
SHP-00417,Kolkata,Chennai,1761.0,24.55,40FT,Diesel,0.63,2025-05-25,1266.89,MTS Logistics Int.: 1
SHP-00418,Ahmedabad,Delhi,907.5,14.27,20FT,Diesel,0.5,2025-06-05,375.75,Contrans Group Inc.: Laidlaw Carriers Van
SHP-00419,Nagpur,Mumbai,796.8,9.84,40FT,EV,0.84,2025-10-07,474.61,"Mac Xpress, LLC"
SHP-00420,Kolkata,Chennai,1544.0,23.38,20FT,Diesel,0.54,2025-12-22,1349.34,Kinexo
SHP-00421,Delhi,Mumbai,1526.3,1.04,40FT,CNG,0.81,2025-02-23,67.15,Norco Corporation: Fleet1
SHP-00422,Delhi,Jaipur,281.7,6.72,40FT,EV,0.98,2025-03-14,130.12,SOUTHWEST TRANSPORT LLC
SHP-00423,Hyderabad,Mumbai,652.2,23.11,40FT,CNG,0.56,2025-02-13,468.28,Synergy Logistics Services LLC
SHP-00424,Indore,Mumbai,542.3,4.2,40FT,Diesel,0.7,2025-08-11,79.62,Art Pape Transfer D/B/A Tucker Freight Lines: For-Hire Van Operations
SHP-00425,Bangalore,Hyderabad,540.0,7.26,32FT MXL,EV,0.58,2025-06-17,118.76,Alpha Trans Ltd.
SHP-00426,Pune,Mumbai,148.6,6.61,32FT SXL,Diesel,0.84,2025-02-25,59.46,Hanel Enterprises LLC
SHP-00427,Bangalore,Hyderabad,525.0,11.79,32FT MXL,Diesel,0.68,2025-04-17,295.21,KoalaT Logistics Solutions inc
SHP-00428,Bangalore,Mumbai,942.4,7.36,20FT,Diesel,0.87,2025-06-05,376.76,Bennett Heavy & Specialized LLC
SHP-00429,Nagpur,Mumbai,762.8,21.06,32FT MXL,Diesel,0.8,2025-07-02,910.64,Advance Trucking Solutions Inc.
SHP-00430,Lucknow,Delhi,551.5,17.25,32FT MXL,CNG,0.42,2025-07-27,139.58,ARLO G LOTT TRUCKING INC: Sidedump (129k NV)
SHP-00431,Bangalore,Mumbai,991.0,14.2,20FT,Diesel,0.86,2025-03-13,967.49,Port City Logistics : Brokerage
SHP-00432,Delhi,Kolkata,1380.7,20.93,32FT SXL,Diesel,0.88,2025-07-10,1977.17,"DSV Road, Inc."
SHP-00433,Chennai,Bangalore,355.8,7.21,20FT,Diesel,0.35,2025-11-27,54.24,American Freight Corporation
SHP-00434,Bangalore,Mumbai,1040.6,3.21,32FT MXL,Diesel,0.96,2025-01-26,617.19,JET Transportation Solutions
SHP-00435,Mumbai,Ahmedabad,575.0,11.4,40FT,Diesel,0.57,2025-08-07,186.59,RSK Transit Group Inc.
SHP-00436,Mumbai,Ahmedabad,514.5,22.8,32FT MXL,Diesel,0.92,2025-01-18,626.28,Gemini Transport LLC
SHP-00437,Nagpur,Mumbai,860.0,6.9,32FT MXL,Diesel,0.92,2025-09-03,349.44,"Triways, Inc."
SHP-00438,Mumbai,Chennai,1220.3,10.19,40FT,Diesel,0.92,2025-09-27,836.99,"CC&C Management Services, LLC"
SHP-00439,Kolkata,Chennai,1703.4,20.25,20FT,EV,0.85,2025-07-03,1516.22,"Heyl Truck Lines, Inc.: US Division"
SHP-00440,Kolkata,Delhi,1543.6,12.63,32FT MXL,Diesel,0.43,2025-06-13,523.41,PNR Holdings Inc. d/b/a Tellier Transfer
SHP-00441,Nagpur,Mumbai,792.8,22.5,32FT MXL,Diesel,0.99,2025-09-29,1272.6,Jerico Distributors LLC
SHP-00442,Jaipur,Ahmedabad,695.2,24.99,32FT SXL,Diesel,0.76,2025-05-17,1055.54,Deploy Solutions Group LLC
SHP-00443,Delhi,Chandigarh,265.8,23.01,20FT,CNG,0.96,2025-10-22,242.98,Elvis' Services Inc.
SHP-00444,Lucknow,Delhi,534.0,21.14,32FT SXL,Diesel,0.71,2025-12-24,433.31,"A.D. Transport Express, Inc."
SHP-00445,Jaipur,Ahmedabad,714.6,1.68,32FT MXL,EV,0.69,2025-10-16,50.04,Precision Enterprise Trucking
SHP-00446,Delhi,Jaipur,298.9,20.45,40FT,Diesel,0.42,2025-01-20,143.84,Kodiak Transportation: KDKO
SHP-00447,Chennai,Bangalore,318.9,15.44,20FT,Diesel,0.3,2025-11-11,103.6,JoyRide Logistics LLC
SHP-00448,Delhi,Jaipur,297.2,9.18,32FT SXL,EV,0.89,2025-06-15,188.79,GroundLinx Logistics Ltd: GLXM
SHP-00449,Mumbai,Chennai,1202.8,15.08,32FT SXL,CNG,0.89,2025-07-06,843.1,Classic Freight Systems (2011) Ltd
SHP-00450,Chennai,Bangalore,341.2,23.61,40FT,Diesel,0.54,2025-06-15,347.76,"Audit Logistics, LLC"
SHP-00451,Bangalore,Hyderabad,624.2,18.58,40FT,CNG,0.97,2025-11-29,561.8,DST Distributors: DST Express LLC OTR
SHP-00452,Pune,Mumbai,140.2,24.25,32FT MXL,Diesel,0.71,2025-03-31,150.29,Uber Freight
SHP-00453,Lucknow,Delhi,528.8,17.52,32FT SXL,Diesel,0.3,2025-12-26,138.8,Transport Robert (1973 Ltée): gnl
SHP-00454,Indore,Mumbai,577.2,24.86,20FT,Diesel,0.52,2025-11-10,433.0,CJC CARRIER LLC
SHP-00455,Kolkata,Chennai,1706.4,3.5,40FT,Diesel,0.82,2025-05-02,244.57,"Christenson Transportation, Inc."
SHP-00456,Jaipur,Ahmedabad,723.7,5.03,20FT,CNG,0.77,2025-06-21,177.78,ACE Heavy Haul LLC
SHP-00457,Bangalore,Mumbai,884.2,6.03,20FT,Diesel,0.85,2025-01-01,251.44,"CRW,Inc.: Mulch Yard"
SHP-00458,Mumbai,Chennai,1299.7,18.58,32FT SXL,CNG,0.65,2025-07-13,1100.92,"Serv Transport, LLC: Primary"
SHP-00459,Jaipur,Ahmedabad,666.1,3.43,40FT,CNG,0.7,2025-12-18,77.78,"McElroy Truck Lines, Inc."
SHP-00460,Kolkata,Chennai,1548.0,2.77,20FT,Diesel,0.52,2025-02-23,77.89,Premay Equipment (2005) Ltd
SHP-00461,Chennai,Bangalore,338.9,22.31,32FT SXL,CNG,0.68,2025-02-17,191.93,"LTI, Inc.: Milky Way"
SHP-00462,Pune,Mumbai,152.8,15.73,40FT,CNG,0.6,2025-12-01,71.17,Doug Andrus Distributing LLC: Heavy Haul Flatbed
SHP-00463,Mumbai,Ahmedabad,541.4,11.42,20FT,Diesel,0.44,2025-04-08,135.86,Charles V Brown Trucking
SHP-00464,Chennai,Hyderabad,654.8,18.33,32FT MXL,Diesel,0.51,2025-02-19,318.65,"Mr. Bult's, Inc."
SHP-00465,Mumbai,Chennai,1301.5,14.19,40FT,Diesel,0.55,2025-08-07,420.36,Jones Transportation Inc.: 00115114
SHP-00466,Chennai,Bangalore,335.6,16.89,40FT,Diesel,0.32,2025-03-29,116.1,Zoom Trucking
SHP-00467,Ahmedabad,Delhi,1029.7,12.37,20FT,Diesel,0.58,2025-09-08,359.27,North American Specialized Transport Corp
SHP-00468,Hyderabad,Mumbai,651.9,14.06,32FT SXL,Diesel,0.57,2025-04-06,361.64,Oris Intermodal Ltd.
SHP-00469,Bangalore,Mumbai,890.7,11.55,32FT MXL,Diesel,0.49,2025-02-01,283.47,TD Express Inc
SHP-00470,Bangalore,Hyderabad,598.8,17.02,20FT,Diesel,0.87,2025-07-31,638.96,United California Freight Solutions Inc: Light Trucks
SHP-00471,Indore,Mumbai,557.8,2.46,40FT,CNG,0.59,2025-10-02,43.77,Via Egnatia Logistics LLC
SHP-00472,Kolkata,Delhi,1552.3,6.66,32FT MXL,Diesel,0.93,2025-01-18,665.53,TMS North America LLC
SHP-00473,Mumbai,Pune,152.1,13.4,32FT SXL,Diesel,0.83,2025-03-30,88.06,Challenger Motor Freight Inc.: Bulk
SHP-00474,Mumbai,Ahmedabad,580.0,20.4,32FT SXL,Diesel,0.35,2025-12-16,214.16,"WLA, Inc"
SHP-00475,Chennai,Hyderabad,592.4,20.74,32FT SXL,CNG,0.48,2025-02-04,386.07,Transport Transbo: Longue distance
SHP-00476,Chennai,Bangalore,342.2,10.54,32FT MXL,CNG,0.66,2025-01-07,343.22,B&H Systems
SHP-00477,Nagpur,Mumbai,854.7,19.76,20FT,Diesel,0.4,2025-10-29,420.61,Inland Transport Inc.: Logistics
SHP-00478,Indore,Mumbai,620.5,23.55,20FT,Diesel,0.37,2025-05-27,312.0,ARLO G LOTT TRUCKING INC: flatbed (80k Long Haul)
SHP-00479,Delhi,Chandigarh,269.0,22.07,32FT MXL,Diesel,0.64,2025-11-08,213.66,X-Treme Trucking LLC
SHP-00480,Kolkata,Delhi,1388.5,7.61,32FT SXL,Diesel,0.78,2025-07-25,513.15,LinQ Transport
SHP-00481,Mumbai,Chennai,1302.3,22.09,32FT SXL,Diesel,0.63,2025-05-18,1131.57,ATL TRANSPORT USA LLC: ATL
SHP-00482,Jaipur,Ahmedabad,596.7,20.62,32FT MXL,Diesel,0.89,2025-12-23,700.92,"Logistics One Transport, Inc."
SHP-00483,Delhi,Kolkata,1674.6,6.47,32FT MXL,EV,0.61,2025-06-14,476.27,"National Retail Systems, Inc.: National Retail Transportation, Inc."
SHP-00484,Hyderabad,Mumbai,742.5,15.52,20FT,Diesel,0.45,2025-07-28,226.08,DFC TRANSPORTATION AND LOGISTICS: DFCTL
SHP-00485,Kolkata,Delhi,1609.4,21.81,20FT,Diesel,0.41,2025-06-09,744.23,Prince Logistic Services / Princess Van Lines
SHP-00486,Mumbai,Pune,147.1,19.73,20FT,Diesel,0.91,2025-04-13,193.23,Gold Star Transportation
SHP-00487,Mumbai,Chennai,1263.4,11.95,32FT MXL,CNG,0.49,2025-08-26,325.05,Atlantic Bulk Carrier Corporation
SHP-00488,Mumbai,Pune,146.9,23.15,20FT,Diesel,0.64,2025-08-17,126.3,Right Lane Carrier Inc
SHP-00489,Mumbai,Ahmedabad,578.8,12.39,32FT MXL,Diesel,0.89,2025-05-13,467.77,"Professional Auto Transport, Inc."
SHP-00490,Chennai,Bangalore,335.0,10.28,32FT SXL,CNG,0.85,2025-04-20,210.94,"Crossroads Logistics, Inc."
SHP-00491,Kolkata,Chennai,1708.9,17.26,32FT MXL,Diesel,0.66,2025-12-16,1402.86,IBSO SERVICES LLC
SHP-00492,Delhi,Mumbai,1392.7,4.18,32FT SXL,Diesel,0.31,2025-05-10,112.68,"Tranzstar, Inc"
SHP-00493,Nagpur,Mumbai,891.3,8.33,32FT MXL,Diesel,0.56,2025-06-28,241.28,andi group trucking inC
SHP-00494,Bangalore,Mumbai,931.4,12.2,40FT,Diesel,0.31,2025-12-06,201.46,Sunburst Truck Lines Inc.: Houston
SHP-00495,Jaipur,Ahmedabad,668.1,15.25,32FT MXL,Diesel,0.38,2025-02-02,309.51,"World Fulfillment, LLC"
SHP-00496,Pune,Mumbai,164.7,16.37,32FT MXL,Diesel,0.8,2025-11-30,138.06,Tesla Cargo Solutions INC
SHP-00497,Ahmedabad,Delhi,881.4,13.42,32FT SXL,CNG,0.86,2025-11-04,587.01,Mutual Materials Company
SHP-00498,Lucknow,Delhi,567.7,17.34,20FT,Diesel,1.0,2025-05-13,514.12,"Jones Express, Inc."
SHP-00499,Chennai,Hyderabad,618.0,18.68,32FT SXL,Diesel,0.8,2025-12-18,665.53,Casey's Services Company
SHP-00500,Delhi,Chandigarh,256.9,12.42,32FT MXL,Diesel,0.89,2025-12-03,148.31,RJ ROAD CARRIER INC
SHP-00501,Delhi,Chandigarh,234.1,3.34,32FT SXL,CNG,0.81,2025-10-14,43.84,"Celestial Freight Networks, Inc."
SHP-00502,Mumbai,Ahmedabad,577.4,22.59,20FT,Diesel,0.46,2025-06-07,373.57,Inland Transport Inc.: Logistics
SHP-00503,Chennai,Hyderabad,666.3,8.95,32FT MXL,Diesel,0.62,2025-03-02,259.32,Premier Packaging: Hillsboro
SHP-00504,Kolkata,Delhi,1393.4,16.23,20FT,Diesel,0.44,2025-03-03,958.06,"Omni Logistics, LLC"
SHP-00505,Lucknow,Delhi,553.3,10.91,32FT SXL,Diesel,0.44,2025-07-29,138.72,D-Trans LLC
SHP-00506,Indore,Mumbai,636.4,24.68,32FT SXL,Diesel,0.8,2025-02-11,5430.62,Fast Exact
SHP-00507,Kolkata,Delhi,1478.8,24.68,32FT MXL,Diesel,0.3,2025-05-21,613.46,"Alliance Shippers, Inc."
SHP-00508,Delhi,Jaipur,294.6,5.05,32FT SXL,Diesel,0.83,2025-02-15,86.61,Popular Truck Carriers Inc.
SHP-00509,Bangalore,Hyderabad,583.1,16.2,40FT,Diesel,0.63,2025-01-03,428.86,Cargokings LLC
SHP-00510,Mumbai,Chennai,1339.0,18.54,20FT,CNG,0.83,2025-09-29,958.42,VN Transportation Inc
SHP-00511,Delhi,Jaipur,253.0,1.1,32FT SXL,Diesel,0.91,2025-06-09,17.94,Anderson-Dubose Company: Lordstown
SHP-00512,Bangalore,Hyderabad,524.7,13.08,32FT MXL,Diesel,0.88,2025-06-02,680.49,"AIT Worldwide Logistics, Inc.: 30120212"
SHP-00513,Ahmedabad,Delhi,931.7,13.49,32FT MXL,Diesel,0.78,2025-03-10,568.91,TUNG AIR TRANSPORT LTD: 001
SHP-00514,Pune,Mumbai,164.9,12.76,32FT SXL,Diesel,0.93,2025-07-26,91.02,ROAD KING EXPRESS INC: ROAD KING EXPRESS INC
SHP-00515,Delhi,Mumbai,1324.0,18.45,32FT SXL,Diesel,0.32,2025-09-16,404.24,Midwest Carriers: OTR
SHP-00516,Mumbai,Ahmedabad,490.1,18.07,20FT,Diesel,0.75,2025-10-01,385.45,"Pink Panthers, Inc."
SHP-00517,Nagpur,Mumbai,764.2,24.87,20FT,Diesel,0.31,2025-12-20,373.69,"Sharkey Transportation, Inc.: Flatbed"
SHP-00518,Delhi,Kolkata,1504.5,10.13,32FT MXL,Diesel,0.41,2025-12-22,303.88,Silence Lines LLC
SHP-00519,Delhi,Mumbai,1344.3,16.88,32FT MXL,Diesel,0.79,2025-08-03,895.24,E. A. Trucking Inc.
SHP-00520,Delhi,Kolkata,1533.5,15.82,32FT MXL,Diesel,0.37,2025-04-12,677.04,3PL Links Inc
SHP-00521,Nagpur,Mumbai,789.6,7.31,32FT SXL,Diesel,0.59,2025-03-24,327.89,Spice Logistics LLC
SHP-00522,Mumbai,Chennai,1342.8,22.85,40FT,Diesel,0.3,2025-12-10,556.09,"Roamer Transport, Inc."
SHP-00523,Chennai,Bangalore,378.5,21.05,40FT,Diesel,0.36,2025-09-19,216.34,Via Logistics Inc.
SHP-00524,Chennai,Bangalore,365.6,3.43,32FT MXL,Diesel,0.62,2025-06-01,49.77,"Bravo Logistics, LLC"
SHP-00525,Hyderabad,Mumbai,704.9,3.4,32FT SXL,CNG,0.9,2025-07-04,116.61,Don Hummer Trucking Corp.: HUMD Truckload
SHP-00526,Pune,Mumbai,147.8,3.78,20FT,Diesel,0.4,2025-11-28,14.24,2505749 Ontario Inc
SHP-00527,Mumbai,Ahmedabad,511.8,22.47,32FT MXL,CNG,0.37,2025-06-25,222.81,Blackline Transportation LLC
SHP-00528,Mumbai,Ahmedabad,489.1,10.61,40FT,Diesel,0.57,2025-09-02,165.73,Erives Enterprises Inc: 350
SHP-00529,Chennai,Hyderabad,648.8,20.13,20FT,Diesel,0.81,2025-03-23,670.97,"RJ Logistics Assets, LLC"
SHP-00530,Delhi,Kolkata,1504.3,15.18,40FT,Diesel,0.57,2025-07-03,755.34,"Legacy Express, LLC: Tractor-Trailer"
SHP-00531,Nagpur,Mumbai,760.8,17.43,32FT SXL,Diesel,0.64,2025-07-30,394.76,XTL Transport Inc.: 12094407
SHP-00532,Bangalore,Mumbai,891.0,7.28,32FT MXL,Diesel,0.91,2025-09-26,294.78,Van Groll Trucking
SHP-00533,Indore,Mumbai,616.4,6.38,32FT MXL,Diesel,0.78,2025-11-13,191.52,Wooster Motor Ways Inc
SHP-00534,Delhi,Kolkata,1509.5,18.44,40FT,Diesel,0.77,2025-07-17,1070.35,2148602 alberta ltd
SHP-00535,Bangalore,Hyderabad,608.6,14.4,20FT,Diesel,0.95,2025-09-16,483.15,One World Logistics of America Inc.: One World Logistics of America Inc.
SHP-00536,Kolkata,Delhi,1637.7,21.87,20FT,CNG,0.52,2025-06-19,770.77,XCHANGE TRANSPORTATION SYSTEM INC.
SHP-00537,Hyderabad,Mumbai,646.1,6.34,40FT,Diesel,0.46,2025-08-24,120.61,"Chief Express, LLC"
SHP-00538,Bangalore,Mumbai,1039.0,11.75,40FT,Diesel,0.38,2025-09-12,425.95,Apex Motor Express Ltd.
SHP-00539,Delhi,Mumbai,1288.7,10.9,20FT,CNG,0.85,2025-11-13,692.88,S & S Lines llc: S & S lines LLC
SHP-00540,Ahmedabad,Delhi,1013.3,14.5,40FT,EV,0.55,2025-01-28,488.19,"Ivy Cold, LLC"
SHP-00541,Kolkata,Chennai,1774.3,8.97,40FT,CNG,0.55,2025-08-20,457.17,Tenold Transportation Ltd.
SHP-00542,Delhi,Kolkata,1406.8,16.81,20FT,Diesel,0.88,2025-05-30,1499.67,RNN Global Transportation
SHP-00543,Delhi,Chandigarh,251.1,17.85,20FT,CNG,0.64,2025-07-29,276.19,Jake Trans LLC
SHP-00544,Delhi,Kolkata,1454.8,5.7,20FT,EV,0.58,2025-08-23,260.01,Velox Trucking LLC
SHP-00545,Delhi,Jaipur,292.1,3.59,40FT,Diesel,0.74,2025-12-11,32.11,"Hazmat Environmental Group, Inc."
SHP-00546,Indore,Mumbai,545.5,22.4,40FT,Diesel,0.97,2025-03-10,831.32,"Arrow Freight Systems, Inc."
SHP-00547,Kolkata,Delhi,1378.3,18.67,40FT,CNG,0.64,2025-09-18,1028.26,Newkirk Logistic: Newkirk Logistics
SHP-00548,Mumbai,Ahmedabad,550.3,5.17,32FT SXL,Diesel,0.76,2025-11-07,186.61,"C.A.R. Transport, Inc."
SHP-00549,Pune,Mumbai,150.1,10.23,32FT SXL,Diesel,0.97,2025-05-31,108.97,Schneider: Schneider Brokerage Division
SHP-00550,Bangalore,Mumbai,1039.7,4.32,32FT MXL,CNG,0.68,2025-06-10,159.51,Home Run Inc.: dedicated
SHP-00551,Delhi,Chandigarh,256.6,5.82,32FT MXL,Diesel,0.94,2025-03-09,75.89,KVS Holding Inc
SHP-00552,Mumbai,Ahmedabad,530.4,17.66,32FT MXL,CNG,0.83,2025-10-15,435.59,Airways Freight Corp.
SHP-00553,Kolkata,Delhi,1555.3,23.62,40FT,Diesel,0.93,2025-10-01,2364.89,Advance Global Logistics LLC
SHP-00554,Ahmedabad,Delhi,1011.0,11.14,20FT,Diesel,0.32,2025-03-16,259.72,M&M Direct Express
SHP-00555,Mumbai,Chennai,1375.3,5.8,32FT SXL,EV,0.78,2025-03-16,232.26,"LTI, Inc.: Milky Way"
SHP-00556,Mumbai,Chennai,1380.7,8.08,20FT,Diesel,0.62,2025-11-12,451.87,Patriot Rail Company LLC: Golden Triangle Railroad (GTRA)
SHP-00557,Delhi,Chandigarh,268.2,18.82,40FT,Diesel,0.85,2025-12-23,274.62,"Universal Logistics Holdings, Inc.: Universal Dedicated of Arlington, TX"
SHP-00558,Ahmedabad,Delhi,976.3,2.13,40FT,Diesel,0.97,2025-12-17,105.35,Elite Fleet Logistics Inc.
SHP-00559,Pune,Mumbai,164.0,2.29,32FT MXL,Diesel,0.91,2025-08-15,24.22,TRADEWIND CARRIERS INC
SHP-00560,Kolkata,Chennai,1796.6,17.91,32FT MXL,CNG,0.68,2025-11-05,9456.72,"Revolution Trucking, LLC"
SHP-00561,Delhi,Jaipur,295.5,24.14,32FT MXL,Diesel,0.99,2025-02-08,449.85,Southwestern Motor Transport - SMT Lines
SHP-00562,Mumbai,Ahmedabad,579.0,18.64,20FT,Diesel,0.6,2025-10-12,458.84,Peterson Farms Fresh LLC
SHP-00563,Hyderabad,Mumbai,657.5,15.02,32FT MXL,Diesel,0.63,2025-03-21,361.05,2040779 Ontario Inc. aka Dulai Trucklines
SHP-00564,Mumbai,Chennai,1237.9,8.74,20FT,CNG,0.74,2025-12-05,499.88,Transport Continental Inc.
SHP-00565,Ahmedabad,Delhi,938.2,14.74,32FT MXL,Diesel,0.8,2025-09-27,514.6,FMI TRANSPORTATION LLC
SHP-00566,Kolkata,Chennai,1811.7,13.49,32FT SXL,Diesel,0.68,2025-02-17,3198.66,MARKS Logistics LLC: 14 FT Truck - Diesal
SHP-00567,Jaipur,Ahmedabad,623.2,6.12,32FT MXL,Diesel,0.51,2025-11-13,660.61,Patriot Rail Company LLC: Sacramento Valley Railroad (SAV)
SHP-00568,Mumbai,Pune,149.2,14.47,20FT,Diesel,0.54,2025-05-04,58.22,Heartland Ag / Nationwide
SHP-00569,Nagpur,Mumbai,910.3,6.85,20FT,Diesel,0.52,2025-02-28,1629.05,Paramount Logistics LLC.
SHP-00570,Lucknow,Delhi,523.2,18.38,20FT,EV,0.88,2025-07-11,422.61,Heartland Ag / Nationwide
SHP-00571,Mumbai,Pune,159.1,11.69,20FT,Diesel,0.76,2025-06-14,82.03,"Whitacre Logistics, LLC: Truckload"
SHP-00572,Mumbai,Pune,137.5,3.3,20FT,Diesel,0.45,2025-11-19,10.2,Ruiz Brothers Inc: 11
SHP-00573,Delhi,Jaipur,300.4,11.18,20FT,Diesel,0.88,2025-08-11,170.55,"C&W Trucking and Sons, Inc: CWKI"
SHP-00574,Chennai,Bangalore,367.3,4.69,40FT,CNG,0.33,2025-02-07,34.34,VSP Transportation LLC
SHP-00575,Mumbai,Chennai,1244.3,7.05,20FT,Diesel,0.46,2025-05-13,234.17,Manchester Trucking Corp LLC
SHP-00576,Chennai,Hyderabad,615.9,16.13,40FT,Diesel,0.57,2025-03-02,317.27,Manraj Trucking Company
SHP-00577,Delhi,Chandigarh,225.3,18.29,20FT,CNG,0.71,2025-12-25,227.47,"C & L Logistics, Inc"
SHP-00578,Chennai,Bangalore,340.0,13.07,32FT MXL,CNG,0.51,2025-02-14,158.96,"Legacy Globe Logistics, LLC."
SHP-00579,Ahmedabad,Delhi,989.9,11.5,40FT,CNG,0.32,2025-03-22,211.4,Splendour Trucking
SHP-00580,Delhi,Chandigarh,236.0,18.92,32FT MXL,EV,0.4,2025-12-13,103.65,"Medallion Transport & Logistics, LLC"
SHP-00581,Jaipur,Ahmedabad,720.4,1.27,32FT SXL,Diesel,0.3,2025-11-02,14.19,"Western Transport, Inc."
SHP-00582,Lucknow,Delhi,554.1,23.73,32FT MXL,Diesel,0.82,2025-06-26,604.1,iHaul Logistics US: iHaul Logistics Inc
SHP-00583,Delhi,Jaipur,275.1,16.5,32FT SXL,Diesel,0.45,2025-05-10,84.53,"Stokes Trucking, LLC"
SHP-00584,Delhi,Jaipur,258.4,17.1,20FT,CNG,0.95,2025-10-09,226.94,"Sagamore Express, Inc."
SHP-00585,Bangalore,Mumbai,1008.4,2.76,20FT,Diesel,0.44,2025-10-25,84.77,Best Dedicated Solutions
SHP-00586,Kolkata,Delhi,1668.2,9.57,32FT SXL,Diesel,0.73,2025-04-10,655.36,Americanstar Transport LLC
SHP-00587,Pune,Mumbai,149.6,8.88,32FT MXL,Diesel,0.41,2025-10-18,34.01,Nationwide Express LLC: Nationwide Express
SHP-00588,Jaipur,Ahmedabad,700.6,24.01,32FT SXL,Diesel,0.47,2025-04-24,438.63,Bushell Transport Co. Ltd
SHP-00589,Chennai,Hyderabad,601.9,9.63,32FT MXL,CNG,0.62,2025-07-03,208.55,PA Transport LLC
SHP-00590,Ahmedabad,Delhi,937.6,3.61,20FT,CNG,0.9,2025-03-13,126.07,K Medelez LLC: Main
SHP-00591,Delhi,Chandigarh,234.8,18.61,20FT,CNG,0.92,2025-09-17,209.96,Nagle Toledo Inc
SHP-00592,Delhi,Mumbai,1487.5,14.89,32FT SXL,EV,0.69,2025-10-06,710.87,"MHT Group, Inc."
SHP-00593,Delhi,Chandigarh,248.6,19.6,32FT MXL,Diesel,0.92,2025-10-29,314.41,"Cooper Freight Service, Inc.: 12722067"
SHP-00594,Ahmedabad,Delhi,871.2,13.03,20FT,Diesel,0.65,2025-12-06,522.83,"McEwen Trucking, Inc."
SHP-00595,Kolkata,Chennai,1775.5,20.36,32FT SXL,CNG,0.4,2025-03-23,1014.18,Jake Transportation Inc
SHP-00596,Mumbai,Ahmedabad,537.0,14.58,32FT SXL,CNG,0.64,2025-07-03,320.73,"Freight Exchange of North America, LLC dba F/X"
SHP-00597,Mumbai,Chennai,1255.2,12.7,20FT,Diesel,0.46,2025-12-09,356.61,Tri-Link Transportation Inc.
SHP-00598,Delhi,Jaipur,281.0,20.0,40FT,Diesel,0.62,2025-01-24,174.01,Ameri-Co Carriers: Heavy Haul
SHP-00599,Mumbai,Chennai,1457.8,8.78,32FT MXL,CNG,0.48,2025-10-06,591.54,"Smith-Cargo Transportation Services, LLC: Transportation Provider"
SHP-00600,Indore,Mumbai,551.5,16.69,32FT MXL,Diesel,0.93,2025-02-09,534.47,NEW-WAY TRUCKING LTD.
SHP-00601,Mumbai,Pune,142.5,24.34,32FT SXL,Diesel,0.55,2025-06-26,133.8,Intercon Expedited LLC: 35639474
SHP-00602,Kolkata,Delhi,1619.6,22.29,20FT,Diesel,0.4,2025-03-26,756.15,"Energi Transport, Inc."
SHP-00603,Kolkata,Chennai,1519.6,16.44,32FT SXL,Diesel,0.41,2025-11-05,536.7,"TransOne, LLC"
SHP-00604,Delhi,Kolkata,1579.3,10.95,32FT MXL,CNG,0.64,2025-09-03,708.42,D Express
SHP-00605,Kolkata,Delhi,1441.5,4.87,40FT,Diesel,0.33,2025-10-21,120.99,NHH Services LLC
SHP-00606,Indore,Mumbai,550.0,16.11,20FT,CNG,0.4,2025-03-27,255.41,Trans-Wave Logistics Inc
SHP-00607,Hyderabad,Mumbai,770.0,13.4,40FT,Diesel,0.69,2025-01-10,413.15,Schnell Express LLC
SHP-00608,Ahmedabad,Delhi,1024.1,6.2,40FT,CNG,0.42,2025-07-30,216.25,"Supply Chain Solutions, Inc."
SHP-00609,Nagpur,Mumbai,780.0,14.98,32FT SXL,Diesel,0.66,2025-03-27,416.91,Larry Williams Trucking LLC
SHP-00610,Pune,Mumbai,162.7,15.32,20FT,Diesel,0.57,2025-02-25,88.07,"Burns Motor Freight, Inc."
SHP-00611,Delhi,Mumbai,1316.7,21.63,40FT,CNG,0.72,2025-04-01,912.94,"Best Services Group, Inc.: Best Specialized"
SHP-00612,Kolkata,Delhi,1652.9,15.4,20FT,Diesel,0.76,2025-11-05,1122.64,AGM TRANSPORT INC: Truckload Division
SHP-00613,Delhi,Chandigarh,266.4,22.53,40FT,Diesel,0.56,2025-01-23,223.31,"Blue and Grey Transport, LLC"
SHP-00614,Mumbai,Pune,147.9,23.52,40FT,CNG,0.57,2025-10-29,129.8,"PFS Freight, LLC"
SHP-00615,Indore,Mumbai,542.5,4.21,40FT,CNG,0.94,2025-02-12,415.42,"I-Log, LLC: Jacksonville"
SHP-00616,Ahmedabad,Delhi,958.5,14.05,32FT MXL,Diesel,0.8,2025-01-04,445.86,Energy Transportation Group: Energy Transport USA Inc
SHP-00617,Indore,Mumbai,592.7,13.47,40FT,Diesel,0.78,2025-06-11,448.75,CNR Logistics Inc
SHP-00618,Chennai,Hyderabad,612.6,4.71,32FT MXL,Diesel,0.68,2025-10-17,95.42,Scott Fulcher Trucking: Flatbed
SHP-00619,Jaipur,Ahmedabad,674.8,24.8,40FT,CNG,0.59,2025-10-13,789.34,"England Logistics, Inc."
SHP-00620,Kolkata,Delhi,1431.7,14.42,40FT,Diesel,0.51,2025-06-26,489.75,R & R Express Inc
SHP-00621,Lucknow,Delhi,575.9,21.52,20FT,CNG,0.61,2025-12-25,377.54,M&K XLINES LTD
SHP-00622,Mumbai,Ahmedabad,487.6,13.2,32FT MXL,CNG,0.73,2025-12-17,228.49,"I-65 Transport, LLC"
SHP-00623,Mumbai,Chennai,1239.8,24.15,20FT,CNG,0.88,2025-08-30,1866.97,DOT Transportation
SHP-00624,Nagpur,Mumbai,829.1,2.54,32FT SXL,Diesel,0.73,2025-07-16,110.78,DTE LOGISTICS
SHP-00625,Lucknow,Delhi,562.5,13.5,20FT,EV,0.87,2025-11-24,463.37,Freight Zone Transportation LLC: Freight Zone
SHP-00626,Kolkata,Delhi,1511.3,5.84,32FT MXL,Diesel,0.85,2025-09-19,722.32,Omni1 Logix LLC
SHP-00627,Mumbai,Pune,156.0,15.76,20FT,Diesel,0.76,2025-03-22,116.66,"VMW Express, LLC"
SHP-00628,Chennai,Bangalore,384.8,19.71,32FT MXL,Diesel,0.58,2025-04-13,195.85,"System Transport, Inc.: Long Haul"
SHP-00629,Mumbai,Pune,135.5,17.89,20FT,Diesel,0.81,2025-10-14,102.82,"J.D. & Billy Hines Trucking, Inc.: Flatbed"
SHP-00630,Indore,Mumbai,572.1,24.12,32FT MXL,Diesel,0.97,2025-08-21,776.75,UNIVERSITY CORP: COLUMBUS-DEDICATED
SHP-00631,Lucknow,Delhi,558.2,7.27,40FT,Diesel,0.69,2025-09-15,201.78,Mullen Trucking Corp: Dedicated
SHP-00632,Ahmedabad,Delhi,909.9,3.81,32FT MXL,CNG,0.87,2025-10-22,150.62,Dahlquist Trucking Inc
SHP-00633,Hyderabad,Mumbai,737.6,24.19,40FT,CNG,0.83,2025-08-23,1117.01,"Grane Logistics Express, LLC: Broker"
SHP-00634,Bangalore,Mumbai,1057.7,21.69,40FT,Diesel,0.35,2025-11-21,904.71,"Findlay's Tall Timbers Distribution Center, LLC : Ohio Logistics"
SHP-00635,Kolkata,Chennai,1718.7,6.52,32FT MXL,Diesel,0.55,2025-10-02,1186.24,"City Dash, LLC: LTL"
SHP-00636,Delhi,Mumbai,1456.2,7.32,32FT MXL,Diesel,0.77,2025-06-25,443.73,Shipping Teleporters Trucking Company
SHP-00637,Chennai,Bangalore,353.8,5.28,32FT MXL,Diesel,0.93,2025-05-18,86.76,"PAM Transport, Inc."
SHP-00638,Mumbai,Ahmedabad,577.4,17.39,32FT SXL,Diesel,0.44,2025-05-04,850.34,Frito-Lay: Rolling Frito-Lay Sales
SHP-00639,Hyderabad,Mumbai,668.4,5.87,32FT SXL,CNG,0.55,2025-02-24,130.36,Garuda Transport Ltd.
SHP-00640,Delhi,Kolkata,1658.6,17.22,40FT,Diesel,0.83,2025-10-05,1475.95,CMI Group INC
SHP-00641,Mumbai,Chennai,1422.6,9.91,32FT MXL,Diesel,0.99,2025-10-22,730.84,Sun Steel Express Inc.
SHP-00642,Hyderabad,Mumbai,708.7,24.63,32FT MXL,Diesel,0.83,2025-03-07,1044.04,C1 Transportation
SHP-00643,Mumbai,Chennai,1336.8,11.16,20FT,Diesel,0.58,2025-12-18,540.25,CROSS COUNTRY CARTAGE LTD
SHP-00644,Mumbai,Ahmedabad,525.5,3.89,40FT,Diesel,0.31,2025-12-12,44.45,Global Freight Management Inc
SHP-00645,Delhi,Jaipur,273.2,3.42,32FT MXL,Diesel,0.48,2025-10-08,27.92,Red Lab Logistics Inc: Logistics
SHP-00646,Hyderabad,Mumbai,672.7,12.31,32FT MXL,Diesel,0.65,2025-04-18,344.53,Clausen Supply Co dba Clausen Trucking
SHP-00647,Chennai,Hyderabad,655.3,9.94,40FT,Diesel,0.43,2025-03-09,179.28,1559514 ONTARIO LTD dba AIKAM LOGISTICS
SHP-00648,Indore,Mumbai,611.9,20.54,32FT MXL,CNG,0.69,2025-07-15,433.08,Denali Transport Inc.
SHP-00649,Delhi,Jaipur,260.2,24.02,32FT SXL,Diesel,0.31,2025-08-04,137.29,Hawkeye Transport LLC
SHP-00650,Kolkata,Delhi,1418.1,22.44,32FT MXL,CNG,0.51,2025-10-15,810.48,Southland Transportation Company
SHP-00651,Indore,Mumbai,536.6,3.38,32FT SXL,Diesel,0.87,2025-09-01,95.33,Garuda Transport Ltd.
SHP-00652,Delhi,Kolkata,1514.7,9.03,32FT MXL,Diesel,0.69,2025-05-12,690.48,"Cherokee Transportation Services, Inc"
SHP-00653,Jaipur,Ahmedabad,596.6,3.91,32FT SXL,Diesel,0.75,2025-10-03,91.37,Sai Transport Group
SHP-00654,Mumbai,Ahmedabad,580.8,7.83,32FT MXL,Diesel,0.64,2025-08-17,175.83,"Quality Life Science Transportation, LLC"
SHP-00655,Chennai,Bangalore,341.7,7.88,32FT SXL,CNG,0.75,2025-06-22,157.01,"Road Dog Logistics, LLC: Road Dog Logistics, LLC"
SHP-00656,Chennai,Hyderabad,646.5,14.72,20FT,Diesel,0.54,2025-06-10,364.13,FBT Inc: Refrigerated
SHP-00657,Pune,Mumbai,154.6,18.05,40FT,Diesel,0.61,2025-07-05,98.78,PTG Logistics: PTG
SHP-00658,Indore,Mumbai,592.5,11.81,32FT SXL,Diesel,0.32,2025-05-01,181.58,"Legion Logistics, LLC"
SHP-00659,Hyderabad,Mumbai,772.5,17.82,20FT,Diesel,0.58,2025-02-18,54.69,Perfect Trans Inc
SHP-00660,Chennai,Bangalore,380.6,12.36,20FT,Diesel,0.58,2025-02-12,147.51,Andrus Transportation Services: ATS
SHP-00661,Delhi,Kolkata,1457.3,4.73,40FT,Diesel,0.47,2025-05-26,251.88,"GLOVIS America, Inc: Parts Distribution Department"
SHP-00662,Bangalore,Mumbai,1004.8,4.15,32FT SXL,Diesel,0.76,2025-06-16,260.48,"Champion Auto Carriers, Inc."
SHP-00663,Kolkata,Delhi,1520.0,21.9,32FT MXL,Diesel,0.39,2025-12-24,701.85,"Empire Express, Inc."
SHP-00664,Delhi,Chandigarh,233.9,15.34,40FT,Diesel,0.75,2025-06-08,176.16,FBT INC: Truck Carrier
SHP-00665,Jaipur,Ahmedabad,657.6,6.45,20FT,Diesel,0.56,2025-05-14,179.86,"BSP TRANS., INC"
SHP-00666,Bangalore,Hyderabad,547.6,1.0,32FT SXL,Diesel,0.63,2025-01-05,23.88,Mainfreight Inc.
SHP-00667,Kolkata,Delhi,1666.8,12.45,20FT,CNG,0.86,2025-11-02,830.12,Jim Bender
SHP-00668,Kolkata,Chennai,1758.5,14.16,32FT SXL,Diesel,0.69,2025-07-22,997.05,Diversified Agricultural Industrial Markets
SHP-00669,Kolkata,Chennai,1548.2,18.69,40FT,CNG,0.45,2025-02-10,703.95,D. M. Bowman Inc.
SHP-00670,Chennai,Hyderabad,645.8,13.4,32FT MXL,Diesel,0.82,2025-05-18,354.37,"Nussbaum Transportation Services, Inc."
SHP-00671,Chennai,Hyderabad,590.7,2.64,32FT SXL,Diesel,0.75,2025-11-13,54.4,Grafton Transit Inc
SHP-00672,Bangalore,Mumbai,935.3,15.95,32FT SXL,Diesel,0.41,2025-10-01,305.45,Ameri-Co Carriers: Heavy Haul
SHP-00673,Delhi,Mumbai,1312.1,3.45,32FT MXL,Diesel,0.61,2025-01-05,193.67,Bob's Discount Furniture LLC
SHP-00674,Kolkata,Chennai,1523.9,1.35,32FT SXL,Diesel,0.52,2025-09-13,61.18,MDOT Royale LLC dba MDOT Motor Carriers
SHP-00675,Jaipur,Ahmedabad,655.2,19.99,32FT MXL,Diesel,0.83,2025-03-16,893.51,MCL McGill Carriers Ltd.: Alberta Fleet
SHP-00676,Mumbai,Chennai,1267.9,10.42,40FT,Diesel,0.93,2025-05-09,898.93,Gateway Freight Systems Inc.: 273980
SHP-00677,Lucknow,Delhi,586.1,3.93,32FT SXL,Diesel,0.98,2025-05-07,254.34,Express Transport America Logistics
SHP-00678,Mumbai,Chennai,1250.0,18.65,20FT,Diesel,0.99,2025-08-31,1470.15,TITAN Freight Systems: LTL
SHP-00679,Lucknow,Delhi,570.0,8.49,32FT MXL,Diesel,0.81,2025-10-09,236.81,American Freight Corporation
SHP-00680,Mumbai,Pune,138.7,12.55,32FT MXL,Diesel,0.92,2025-12-08,81.17,Double D Distribution
SHP-00681,Delhi,Jaipur,306.5,6.66,40FT,Diesel,0.42,2025-05-22,54.88,Diamondback Services
SHP-00682,Indore,Mumbai,545.1,19.94,20FT,EV,0.71,2025-12-20,556.12,FTL Transportation Inc: FTL Transportation Inc
SHP-00683,Kolkata,Delhi,1587.7,4.72,20FT,Diesel,0.65,2025-12-18,254.4,"Slingshot Transportation, Inc"
SHP-00684,Nagpur,Mumbai,812.9,24.27,20FT,Diesel,0.75,2025-12-26,1116.07,"Capital Logistics, LLC"
SHP-00685,Delhi,Chandigarh,264.6,4.02,32FT SXL,Diesel,0.69,2025-11-27,34.14,Forward Air Corp.: Forward Air Intermodal
SHP-00686,Jaipur,Ahmedabad,700.3,11.53,32FT SXL,Diesel,0.56,2025-03-10,281.53,Armada
SHP-00687,Hyderabad,Mumbai,766.6,12.65,40FT,Diesel,0.68,2025-09-08,382.67,WP Transport Ltd.
SHP-00688,Delhi,Jaipur,283.7,14.05,32FT MXL,CNG,0.49,2025-11-03,136.99,"G&J Transportation Services, Inc."
SHP-00689,Delhi,Chandigarh,233.0,13.75,40FT,Diesel,0.48,2025-07-07,57.41,Energetic Services Inc.
SHP-00690,Bangalore,Mumbai,882.1,16.31,40FT,CNG,0.92,2025-11-14,715.57,Air Capitol Delivery & Warehouse
SHP-00691,Jaipur,Ahmedabad,696.4,6.73,20FT,Diesel,0.68,2025-07-18,148.24,"Northfield Trucking Company, Inc"
SHP-00692,Delhi,Jaipur,281.3,12.94,32FT SXL,Diesel,0.53,2025-11-25,89.74,"Hoffman Transport, Inc."
SHP-00693,Pune,Mumbai,138.3,13.56,20FT,Diesel,0.96,2025-04-02,126.27,Premier Packaging: Dallas
SHP-00694,Mumbai,Chennai,1250.8,12.65,20FT,Diesel,0.75,2025-07-18,577.1,Art Pape Transfer D/B/A Tucker Freight Lines: For-Hire Open Deck Operations
SHP-00695,Kolkata,Delhi,1537.9,17.83,32FT MXL,Diesel,0.45,2025-02-06,1390.31,"ATS Logistics Services, Inc.: DBA Sureway Transportation Company"
SHP-00696,Delhi,Mumbai,1520.5,6.01,40FT,EV,0.88,2025-08-28,421.09,"A&M Transport, LLC: Flatbed Fleet"
SHP-00697,Mumbai,Chennai,1293.0,18.84,40FT,CNG,0.86,2025-01-30,731.82,Altendorf Trucking: Local
SHP-00698,Nagpur,Mumbai,800.7,1.98,20FT,CNG,0.35,2025-04-21,43.14,Tennessee Auto Carriers LLC: TAC
SHP-00699,Mumbai,Pune,137.9,18.4,40FT,Diesel,0.67,2025-05-08,156.03,Totran Transportation Services Inc
SHP-00700,Indore,Mumbai,604.8,5.29,40FT,CNG,0.84,2025-10-23,202.71,Redstone Logistics
SHP-00701,Jaipur,Ahmedabad,683.0,17.86,40FT,CNG,0.42,2025-04-03,318.99,Aloha Trans LLC
SHP-00702,Delhi,Chandigarh,245.1,9.1,32FT SXL,Diesel,0.72,2025-06-30,90.31,"K&B Transportation, Inc."
SHP-00703,Pune,Mumbai,151.5,24.92,32FT MXL,Diesel,0.74,2025-06-15,197.96,"Purdy Brothers Trucking, LLC: PUBO"
SHP-00704,Nagpur,Mumbai,796.4,14.1,40FT,CNG,0.95,2025-05-11,1201.97,OL-USA: TZL
SHP-00705,Jaipur,Ahmedabad,720.9,11.74,40FT,Diesel,0.32,2025-05-26,189.95,Helton Trucking Inc
SHP-00706,Nagpur,Mumbai,758.7,4.24,32FT MXL,Diesel,0.99,2025-04-20,223.37,Regal Service Company
SHP-00707,Pune,Mumbai,135.7,20.73,32FT MXL,EV,0.66,2025-10-20,104.02,VASCOR Brokerage
SHP-00708,Indore,Mumbai,549.3,1.91,32FT MXL,Diesel,0.49,2025-10-26,29.83,Canadian Line Haul Transport Ltd.
SHP-00709,Kolkata,Chennai,1571.4,20.47,20FT,Diesel,0.7,2025-04-22,1698.34,"Axle Logistics, LLC"
SHP-00710,Chennai,Bangalore,365.7,20.03,32FT SXL,Diesel,0.93,2025-12-26,354.62,"J.D. & Billy Hines Trucking, Inc.: Short haul - Mississippi"
SHP-00711,Indore,Mumbai,627.7,3.29,32FT MXL,Diesel,0.87,2025-07-15,131.45,T3RA Logistics Inc.
SHP-00712,Chennai,Bangalore,369.6,23.12,32FT MXL,Diesel,0.87,2025-08-02,521.43,Finkle Transport Inc
SHP-00713,Delhi,Kolkata,1643.2,6.44,20FT,Diesel,0.74,2025-01-28,473.08,"Warren Pearce & Co., Inc."
SHP-00714,Ahmedabad,Delhi,944.6,8.66,32FT SXL,Diesel,0.79,2025-03-20,283.95,"Kimrad Transport, LP: Kimrad Transport, LP"
SHP-00715,Mumbai,Chennai,1376.2,24.94,40FT,CNG,0.7,2025-02-16,896.87,"LTI, Inc.: Milky Way"
SHP-00716,Kolkata,Chennai,1637.4,19.87,32FT SXL,Diesel,0.36,2025-10-20,633.21,James River Carriers
SHP-00717,Mumbai,Chennai,1342.8,7.3,40FT,Diesel,0.84,2025-03-08,470.93,Mark-It Express Logistics LLC
SHP-00718,Bangalore,Hyderabad,567.8,5.75,40FT,Diesel,0.44,2025-11-12,77.66,Shan Freightway Inc
SHP-00719,Mumbai,Pune,142.4,2.72,40FT,Diesel,0.95,2025-02-15,19.89,"McLeod Express, LLC"
SHP-00720,Delhi,Kolkata,1582.6,11.16,32FT MXL,Diesel,0.54,2025-12-02,668.94,BDCI
SHP-00721,Delhi,Mumbai,1475.5,5.06,32FT MXL,Diesel,0.99,2025-08-15,426.53,"DEMERY TRANSPORTATION GROUP, LLC"
SHP-00722,Nagpur,Mumbai,780.5,2.08,32FT SXL,Diesel,0.56,2025-02-13,65.51,Capitol Express: CPEI
SHP-00723,Delhi,Kolkata,1603.3,6.83,32FT SXL,CNG,0.87,2025-01-08,718.58,Complete Logistic Services
SHP-00724,Pune,Mumbai,155.8,3.67,40FT,Diesel,0.53,2025-10-03,18.31,Ca Freight Xpress Inc.
SHP-00725,Delhi,Jaipur,263.4,13.56,32FT MXL,Diesel,0.74,2025-03-14,136.68,USXL Worldwide
SHP-00726,Delhi,Mumbai,1365.4,22.74,20FT,Diesel,0.34,2025-04-13,820.77,Amstan Logistics
SHP-00727,Nagpur,Mumbai,801.6,12.16,20FT,Diesel,0.76,2025-12-06,575.97,RXO Capacity Solutions INC.: CAN BRK
SHP-00728,Jaipur,Ahmedabad,708.1,1.46,40FT,Diesel,0.57,2025-12-30,41.33,"Excel Courier, Inc."
SHP-00729,Delhi,Kolkata,1653.6,12.63,20FT,Diesel,0.65,2025-08-23,702.02,"Marathon Cheese Transport, LLC."
SHP-00730,Delhi,Chandigarh,271.3,1.52,32FT SXL,EV,0.51,2025-09-08,10.5,Carman Inc: 1
SHP-00731,Lucknow,Delhi,576.9,1.44,32FT MXL,Diesel,0.51,2025-09-14,19.71,KML Transport LLC: 001
SHP-00732,Hyderabad,Mumbai,754.3,16.02,40FT,CNG,0.87,2025-01-16,568.35,"Action Resources, LLC: Action Dedicated"
SHP-00733,Delhi,Chandigarh,272.5,6.41,32FT MXL,CNG,0.76,2025-02-14,93.11,Jerry Cohen
SHP-00734,Lucknow,Delhi,552.3,17.27,32FT SXL,Diesel,0.7,2025-08-07,468.3,Garten Trucking II LC
SHP-00735,Ahmedabad,Delhi,1017.0,8.9,32FT SXL,Diesel,0.4,2025-10-05,149.83,"Modern Transportation Services, LLC"
SHP-00736,Delhi,Jaipur,300.3,8.42,32FT SXL,Diesel,0.94,2025-03-16,151.4,PITT OHIO
SHP-00737,Indore,Mumbai,639.2,8.62,20FT,Diesel,0.89,2025-03-16,274.75,Kleysen Group Ltd.: Intermodal Operations
SHP-00738,Delhi,Mumbai,1474.3,22.12,40FT,EV,0.51,2025-11-23,830.58,TipTop Carriers Ltd
SHP-00739,Hyderabad,Mumbai,660.6,5.51,32FT SXL,Diesel,0.83,2025-11-10,581.47,Envoy Solutions LLC
SHP-00740,Nagpur,Mumbai,800.8,14.61,32FT SXL,Diesel,0.46,2025-01-14,385.22,"VHI Express, Inc."
SHP-00741,Jaipur,Ahmedabad,604.5,19.72,32FT SXL,Diesel,0.72,2025-12-31,443.85,Net Freight System Inc: Reefer
SHP-00742,Jaipur,Ahmedabad,618.3,10.3,40FT,Diesel,0.44,2025-01-17,139.94,"Robert Bearden, Inc."
SHP-00743,Chennai,Hyderabad,663.3,1.36,32FT MXL,EV,0.46,2025-12-10,23.25,Kuehne + Nagel Inc.: Overland
SHP-00744,Delhi,Jaipur,294.4,2.59,40FT,CNG,0.64,2025-06-16,34.23,"Merdzic Transportation Services, Inc."
SHP-00745,Bangalore,Mumbai,1056.0,11.26,20FT,Diesel,0.88,2025-06-10,607.22,11959581 Canada Inc
SHP-00746,Lucknow,Delhi,562.3,18.82,20FT,Diesel,0.62,2025-01-22,354.71,"J&H Trucking, Inc.: Van Fleet"
SHP-00747,Kolkata,Chennai,1666.2,10.49,20FT,Diesel,0.66,2025-11-19,536.58,"Dependable Highway Express, Inc."
SHP-00748,Mumbai,Chennai,1247.5,11.55,32FT MXL,CNG,0.5,2025-03-27,505.3,"GTZ Xpress, Inc."
SHP-00749,Chennai,Hyderabad,604.1,23.06,32FT SXL,Diesel,0.75,2025-02-16,732.8,VEGA LOGISTIC SOLUTIONS LLC
SHP-00750,Mumbai,Pune,138.4,19.69,32FT SXL,Diesel,0.53,2025-01-13,78.08,Crossroads Freight Systems LLC
SHP-00751,Mumbai,Ahmedabad,525.1,22.52,32FT SXL,CNG,0.36,2025-06-15,804.78,Turbo Express
SHP-00752,Mumbai,Ahmedabad,553.1,3.97,20FT,CNG,0.74,2025-02-13,314.41,AJ & J Deliveries LLC
SHP-00753,Mumbai,Pune,156.2,18.44,32FT SXL,Diesel,0.57,2025-03-29,67.94,KTL INC
SHP-00754,Pune,Mumbai,152.0,16.83,32FT SXL,Diesel,0.4,2025-12-31,63.71,"Map3 LLC, DBA- VESTA"
SHP-00755,Mumbai,Chennai,1308.6,8.43,40FT,Diesel,0.43,2025-03-09,328.35,Select Custom Solutions
SHP-00756,Delhi,Jaipur,252.2,19.37,20FT,Diesel,0.9,2025-10-06,308.37,Evans Distribution Systems: ADEN
SHP-00757,Delhi,Mumbai,1430.2,12.84,32FT SXL,Diesel,0.63,2025-07-29,819.76,"FedEx Custom Critical, Inc."
SHP-00758,Bangalore,Mumbai,897.6,15.4,32FT SXL,CNG,0.49,2025-11-18,433.54,Rollin' R Trucking LLC DBA One Cargo
SHP-00759,Delhi,Chandigarh,266.0,5.98,32FT SXL,Diesel,0.76,2025-01-19,88.45,Gateway Freight Systems Inc.: 273980
SHP-00760,Bangalore,Hyderabad,610.3,17.01,32FT MXL,Diesel,0.36,2025-02-25,195.82,"TransOne, LLC"
SHP-00761,Chennai,Hyderabad,692.2,4.87,32FT MXL,Diesel,0.78,2025-11-01,135.97,Mast Trucking Inc.
SHP-00762,Indore,Mumbai,623.9,5.26,40FT,CNG,0.55,2025-01-19,97.58,Day & Ross Inc.: Ottaway Motor Express
SHP-00763,Chennai,Bangalore,368.8,8.75,40FT,CNG,0.83,2025-10-09,155.43,AC Transport
SHP-00764,Chennai,Bangalore,335.5,4.23,32FT MXL,Diesel,0.59,2025-04-18,65.1,Legacy Logistics
SHP-00765,Delhi,Jaipur,286.3,3.62,20FT,Diesel,0.78,2025-12-28,65.55,Pan American Logistics Inc
SHP-00766,Ahmedabad,Delhi,926.3,21.35,32FT MXL,Diesel,1.0,2025-07-01,1537.6,Central Logistics
SHP-00767,Bangalore,Hyderabad,583.0,12.91,40FT,Diesel,0.43,2025-11-09,233.23,"GEMCAP Trucking, Inc.: GT"
SHP-00768,Kolkata,Chennai,1729.3,24.5,20FT,Diesel,0.63,2025-03-02,1923.49,"National Retail Systems, Inc.: National Retail Transportation, Inc."
SHP-00769,Delhi,Jaipur,296.8,24.98,40FT,Diesel,0.54,2025-11-23,451.1,Routes Transport International Inc.
SHP-00770,Delhi,Jaipur,252.6,5.83,32FT MXL,Diesel,0.35,2025-06-03,32.69,Watch This Freight
SHP-00771,Mumbai,Pune,151.5,19.41,20FT,Diesel,0.54,2025-10-19,101.64,Speedgo Transport Ltd.
SHP-00772,Nagpur,Mumbai,917.3,20.97,32FT SXL,Diesel,0.54,2025-12-11,561.56,Via Egnatia Logistics LLC
SHP-00773,Kolkata,Delhi,1657.3,20.13,32FT SXL,Diesel,0.74,2025-10-02,1432.64,Morrison Trucking
SHP-00774,Pune,Mumbai,148.9,20.54,20FT,CNG,0.51,2025-12-14,90.52,PA Transport LLC
SHP-00775,Pune,Mumbai,151.7,1.45,32FT MXL,CNG,0.92,2025-07-01,10.11,Hermann Transportation
SHP-00776,Chennai,Bangalore,382.9,7.73,20FT,Diesel,0.56,2025-10-01,238.98,"Hill Logistics, Inc."
SHP-00777,Mumbai,Ahmedabad,537.5,10.35,20FT,CNG,0.83,2025-12-28,369.13,SemiCab
SHP-00778,Pune,Mumbai,156.3,7.52,20FT,Diesel,0.47,2025-08-20,35.36,JHK Transport Inc.
SHP-00779,Ahmedabad,Delhi,886.6,8.26,20FT,Diesel,0.33,2025-04-14,154.69,STARMAX TRANSPORT LTD.
SHP-00780,Chennai,Bangalore,346.1,1.6,40FT,EV,0.41,2025-06-24,18.66,MCL McGill Carriers Ltd.: Vancouver Fleet
SHP-00781,Kolkata,Delhi,1601.1,13.57,32FT MXL,Diesel,0.91,2025-09-22,1294.31,Midwest Carriers: SHUTTLE/SPOT
SHP-00782,Bangalore,Hyderabad,536.4,1.88,40FT,CNG,0.67,2025-01-03,35.29,One 8 Freight LLC
SHP-00783,Ahmedabad,Delhi,1021.3,17.49,20FT,Diesel,0.92,2025-02-22,888.43,Shan Freightway Inc
SHP-00784,Mumbai,Pune,158.0,18.89,20FT,Diesel,0.52,2025-04-18,101.6,"Cheema Transport, Inc."
SHP-00785,Pune,Mumbai,141.0,7.88,32FT MXL,CNG,0.77,2025-05-20,59.22,USCS Logistics
SHP-00786,Bangalore,Hyderabad,531.0,3.75,20FT,Diesel,0.55,2025-06-13,80.13,"CC&C Management Services, LLC"
SHP-00787,Hyderabad,Mumbai,659.1,17.9,32FT MXL,Diesel,0.42,2025-06-09,362.53,UPS Supply Chain Solutions: Freight Forwarding
SHP-00788,Nagpur,Mumbai,905.9,13.97,20FT,Diesel,0.63,2025-12-12,564.94,"Timon Perron Trucking, Inc. DBA Perron Trucking, Inc.: Perron Trucking, Inc."
SHP-00789,Mumbai,Chennai,1225.2,2.29,40FT,Diesel,0.79,2025-10-31,91.73,Transport Solutions LLC
SHP-00790,Bangalore,Mumbai,1002.8,8.5,32FT SXL,CNG,0.77,2025-10-01,420.11,2125546 ONTARIO INC
SHP-00791,Chennai,Bangalore,383.2,19.14,40FT,Diesel,0.37,2025-12-24,168.96,Reel Logistics LLCC
SHP-00792,Bangalore,Mumbai,901.1,8.45,40FT,Diesel,0.96,2025-03-15,823.61,CDK Logistics LLC
SHP-00793,Nagpur,Mumbai,799.4,9.72,32FT SXL,Diesel,0.77,2025-06-16,278.3,Vitesse Trucking Services Inc./ Services de Camionnage Vitesse Inc.
SHP-00794,Bangalore,Mumbai,977.6,2.57,20FT,Diesel,0.62,2025-03-29,84.21,Gustavo Jimenez Inc dba Southwest Freightlines
SHP-00795,Ahmedabad,Delhi,990.4,15.51,32FT SXL,Diesel,0.58,2025-02-24,514.13,Miller Transfer & Rigging Co
SHP-00796,Pune,Mumbai,151.7,2.7,32FT MXL,Diesel,0.58,2025-07-31,18.47,LI Group
SHP-00797,Kolkata,Chennai,1700.1,14.15,40FT,Diesel,0.54,2025-12-22,1009.99,Tampa Bay Logistics LLC
SHP-00798,Indore,Mumbai,581.9,24.52,32FT MXL,Diesel,0.47,2025-12-06,334.9,Exxact Transport Inc.: ETIS
SHP-00799,Chennai,Bangalore,366.8,18.09,40FT,Diesel,0.72,2025-06-16,197.71,"Simon Transport, LLC: Reefer, Flatbed"
SHP-00800,Delhi,Chandigarh,229.9,11.69,32FT MXL,EV,0.35,2025-02-25,10.18,OmniTRAX Inc.: Illinois Railway
